Workbook

Sheet Totals
A1: # Queries Single Object | B1: =COUNTA('Single Object'!1:1) - 5
A2: # Queries Block | B2: =COUNTA(Block!1:1) - 5
A3: # Queries Segmented | B3: =COUNTA('Segmented & Graft'!1:1) -5
A4: # Queries Star | B4: =COUNTA('Star & H-polymer'!1:1) -5
A5: # Queries Network | B5: =COUNTA('Dendrimer & Network'!1:1) -5
A6: # Queries Ladder | B6: =COUNTA(Ladder!1:1) -5
A7: Total Queries | B7: =SUM(B1:B6)
A8: # Targets | B8: =COUNTA('Single Object'!A:A) - 1
A9: Total | B9: =B7*B8

Sheet Single Object
A1: Targets (BigSMILES) | B1: Single Object Canonicalized | C1: Name | D1: Source | E1: Queries (BigSMILES) | F1: {[][<]CCO[>][]} | G1: {[][<]OCC[>][]} | H1: {[][<2]CCO[>2][]} | I1: {[][>]CCO[<][]} | J1: {[][>]CCO[<],[>]CCO[<][]} | K1: {[][$]CCO[$][]} | L1: {[][<]COC[>][]} | M1: {[][$]COC[$][]} | N1: {[][$]COC[$],[$]COC[$][]} | O1: O{[>][<]CCO[>][<]}CCO | P1: O{[>][>]OCC[<][<]}CCO | Q1: O{[>][>]OCC[<],[>]OCC[<][<]}CCO | R1: OC{[>][<]COC[>][<]}CO | S1: OC{[>][<]CO[<2],[>2]C[>][<]}CO | T1: OC{[>][<]C[<3],[>3]O[<2],[>2]C[>][<]}CO | U1: OCC{[>][<]OCC[>][<]}O | V1: {[>][<]CCO[>][<]} | W1: {[>][<]OCC[>][<]} | X1: {[>][<]CC(O[>])[<]} | Y1: {[>][<]C[<2],[>2]CO[>][<]} | Z1: {[>][>2]CO[>],[<]C[<2][<]} | AA1: {[>][<]CC[>3],[<3]O[>][<]} | AB1: {[>][<]CCO[>],[<]CCO[>][<]} | AC1: N#CC(C)(C){[$][$]CC(c1ccccc1)[$];[$]C(C)(C)C#N,[$]C=C(c1ccccc1)[]} | AD1: N#CC(C)(C){[$][$]CC(c1ccccc1)[$];[$]C=C(c1ccccc1),[$]C(C)(C)C#N[]} | AE1: N#CC(C)(C){[$][$]CC(c1ccccc1)[$],[$]CC(c1ccccc1)[$];[$]C=C(c1ccccc1),[$]C(C)(C)C#N[]} | AF1: N#CC(C)({[$][$]CC(c5ccccc5)[$];[$]C(C)(C)(C#N),[$]C=C(c1ccccc1)[]})C | AG1: N#CC(C)(C){[$][$]C[<2],[>2]C(c1ccccc1)[$];[$]C(C)(C)C#N,[$]C=C(c1ccccc1)[]} | AH1: C[Si](C)(C)O[Si](C)(C)O{[>][<][Si](C)(C)O[>][<]}[Si](C)(C)C | AI1: C[Si](C)(C)O[Si](C)(C)O{[>][<][Si](C)(C)O[>],[<][Si](C)(C)O[>][<]}[Si](C)(C)C | AJ1: C[Si](C)(C)O[Si](C)(C)O{[>][<][Si](C)(C)[>2],[<2]O[>][<]}[Si](C)(C)C | AK1: C[Si](C)(C)O[Si](C)(C){[>][<]O[Si](C)(C)[>][<]}O[Si](C)(C)C | AL1: C[Si](C)(C)O{[>][<][Si](C)(C)O[>][<]}[Si](C)(C)O[Si](C)(C)C | AM1: {[][$]CC(c1ccccc1)[$][]} | AN1: {[][$]CC(c2ccccc2)[$][]} | AO1: {[][$]CC(c1ccccc1)[$],[$]C(c1ccccc1)C[$][]} | AP1: {[][$]C(c1ccccc1)C[$][]} | AQ1: {[][$]CC(c1ccccc1)[$],[$]CC(c1ccccc1)[$][]} | AR1: {[][$]CC([$])c1ccccc1[]} | AS1: {[][$2]CC(c1ccccc1)[$2][]} | AT1: {[][<]CC(c1ccccc1)[>],[<]C(c1ccccc1)C[>][]} | AU1: {[][<]CC(c1ccccc1)[>],[<]C(c1ccccc1)C[>],[<]C(c1ccccc1)C[>][]} | AV1: {[][$]CC[$][]} | AW1: {[][$2]CC[$2][]} | AX1: {[][$]CC[$],[$]CC[$][]} | AY1: {[][<]CC[>][]} | AZ1: {[][<]C(C[>])[]} | BA1: {[][<]CC(Cl)C(Cl)C[>][]} | BB1: {[][<]CC(Cl)C(Cl)C[>],[<]CC(Cl)C(Cl)C[>][]} | BC1: {[][$]CC(Cl)C(Cl)C[$][]} | BD1: {[][$]CC(Cl)C(Cl)C[$],[$]CC(Cl)C(Cl)C[$][]} | BE1: O{[>][<]C(=O)C(C)N[>],[<]C(=O)CN[>][<]} | BF1: O{[>2][<2]C(=O)C(C)N[>2],[<2]C(=O)CN[>2][<2]} | BG1: O{[>][<]C(=O)[<2],[>2]C(C)N[>],[<]C(=O)CN[>][<]} | BH1: O{[>][<]C(=O)CN[>],[<]C(=O)C(C)N[>][<]} | BI1: O{[>][<]C(=O)C(C)N[>],[<]C(=O)CN[>],[<]C(=O)CN[>][<]} | BJ1: {[<][<]C(=O)C(C)N[>],[<]C(=O)CN[>][>]}O | BK1: {[>][<]C(=O)C(C)N[>],[<]C(=O)CN[>][>]}O | BL1: C(c1ccccc1)O{[>][<]CCO[>],[<]CC(COCCN(C(C)C)(C(C)C))O[>][<]}[H] | BM1: C(c1ccccc1)O{[>][<]C[<2],[>2]CO[>],[<]CC(COCCN(C(C)C)(C(C)C))O[>][<]}[H] | BN1: C(c1ccccc1)O{[>][<]CC(COCCN(C(C)C)(C(C)C))O[>],[<]CCO[>][<]}[H] | BO1: {[][<]CCO[>],[<]CC(COCCN(C(C)C)(C(C)C))O[>];[>]OC(c1ccccc1)[<]}[H] | BP1: O{[$][$]CC(c1ccccc1)[$],[$]CC(C)(C(=O)OC)[$][$]}ON1C(C)(C)CCCC1(C)(C) | BQ1: O{[$][$]CC(C)(C(=O)OC)[$],[$]CC(c1ccccc1)[$][$]}ON1C(C)(C)CCCC1(C)(C) | BR1: O{[$][$]C[<2],[>2]C(C)(C(=O)OC)[$],[$]CC(c1ccccc1)[$][$]}ON1C(C)(C)CCCC1(C)(C) | BS1: O{[$][$]C[<2],[>2]C(C)(C(=O)OC)[$],[$]C[<3],[>3]C(c1ccccc1)[$][$]}ON1C(C)(C)CCCC1(C)(C) | BT1: O{[$][$]CC(c1ccccc1)[$],[$]CC(C)(C(=O)OC)[$],[$]CC(C)(C(=O)OC)[$][$]}ON1C(C)(C)CCCC1(C)(C) | BU1: {[][$]CC=C(CCC)C[$][]} | BV1: {[][$2]CC=C(CCC)C[$2][]} | BW1: {[][$]CC=C(CCC)C[$][$]}CC=C(CCC)C | BX1: {[][<]CC=C(CCC)C[>],[<]CC(CCC)=CC[>][]} | BY1: {[][$]CC=C(C[$])CCC[]} | BZ1: {[][<]C\C=C/C[>][]} | CA1: {[][<]C/C=C\C[>][]} | CB1: {[][$]C\C=C/C[$][]} | CC1: {[][$]C\C=C/C[$],[$]C\C=C/C[$][]} | CD1: {[][<]C(C(F)(F)F)OC(F)(F)C(F)(F)C(F)(F)C(F)(F)C(F)(F)OC(F)(C(F)(F)F)c1nc(nc(C)n1)[>][]} | CE1: {[][>]C(C(F)(F)F)OC(F)(F)C(F)(F)C(F)(F)C(F)(F)C(F)(F)OC(F)(C(F)(F)F)c1nc(nc(C)n1)[<][]} | CF1: {[][<]C(C(F)(F)F)OC(F)(F)C(F)(F)C(F)(F)C(F)(F)C(F)(F)OC(F)(C(F)(F)F)c1nc(nc(C)n1)[>],[<]C(C(F)(F)F)OC(F)(F)C(F)(F)C(F)(F)C(F)(F)C(F)(F)OC(F)(C(F)(F)F)c1nc(nc(C)n1)[>][]} | CG1: {[][<]OCCO[<],[>]C(=O)CCC(=O)[>][]} | CH1: {[][<]OCCOC(=O)CCC(=O)[>][]} | CI1: {[][>]C(=O)CCC(=O)[>],[<]OCCO[<][]} | CJ1: {[][<]C(=O)CCC(=O)OCCO[>][]} | CK1: {[][<]OCCO[<],[>]C(=O)CCC(=O)[>],[>]C(=O)CCC(=O)[>][]} | CL1: {[][<]OCCO[<],[>]C(=O)c1cccc2c1cccc2C(=O)[>][]} | CM1: {[][>]C(=O)c1cccc2c1cccc2C(=O)[>],[<]OCCO[<],[>]C(=O)c1cccc2c1cccc2C(=O)[>][]} | CN1: {[][<]OCCO[<],[>]C(=O)c1cccc2c1cccc2C(=O)[>],[<]OCCO[<],[>]C(=O)c1cccc2c1cccc2C(=O)[>][]} | CO1: {[][<]OCCOC(=O)c1cccc2c1cccc2C(=O)[>][]} | CP1: {[][>]C(=O)c1cccc2c1cccc2C(=O)[>],[<]OCCO[<][]} | CQ1: {[][$]Cc1c(Cl)cc(cc1)C[$][]} | CR1: {[][$]Cc1c(Cl)cc(C[$])cc1[]} | CS1: {[][$]Cc2c(Cl)cc(cc2)C[$][]} | CT1: {[][$2]Cc1c(Cl)cc(cc1)C[$2][]} | CU1: {[][$]Cc1c(Cl)cc(cc1)C[$],[$]Cc1c(Cl)cc(cc1)C[$][]} | CV1: C{[<][>]OCC[<][>]}OC(=O)C=C | CW1: C{[<][>]O[<2],[>2]CC[<][>]}OC(=O)C=C | CX1: C{[<][>2]CC[<],[>]O[<2][>]}OC(=O)C=C | CY1: C=CC(=O)O{[>][>]OCC[<][<]}C | CZ1: C{[<][<]CCO[>][>]}OC(=O)C=C | DA1: C{[<][>]OCC[<],[>]OCC[<][>]}OC(=O)C=C | DB1: C{[<][>]OCC[<];[>]OC(=O)C=C[]} | DC1: {[][$]CC(c1c(Cl)c(Cl)c(Cl)cc1)[$],[$]CC(c1c(Cl)c(Cl)cc(Cl)c1)[$],[$]CC(c1c(Cl)c(Cl)ccc1(Cl))[$],[$]CC(c1cc(Cl)c(Cl)c(Cl)c1)[$],[$]CC(c1c(Cl)cc(Cl)cc1(Cl))[$][]} | DD1: {[][$]CC(c1c(Cl)c(Cl)c(Cl)cc1)[$],[$]CC(c1c(Cl)c(Cl)cc(Cl)c1)[$],[$]CC(c1c(Cl)c(Cl)ccc1(Cl))[$],[$]CC(c1cc(Cl)c(Cl)c(Cl)c1)[$],[$]CC(c1c(Cl)cc(Cl)cc1(Cl))[$],[$]CC(c1c(Cl)cc(Cl)cc1(Cl))[$][]}
F2: Original | G2: Inversion | H2: Change in Descriptor ID | I2: Change in descriptor | J2: Duplication | K2: HH PEG | L2: No match since frame shift | M2: Symmetric repeat unit | N2: Duplicated | O2: Matches different polymer since >=1 realization | P2: Bonding descriptors flipped | Q2: Duplicated RU | R2: Frame shift | S2: RU Split | T2: RU Split | U2: Frame shift | V2: Implicit hydrogen | W2: inversion | X2: change to SMARTS | Y2: split | Z2: split + rearrange | AA2: another split | AB2: duplication | AC2: Implicit EG | AD2: flipped EG | AE2: Duplication | AF2: Change in EG SMILES | AG2: RU Split | AH2: EG code | AI2: Duplicated RU | AJ2: RU Split | AK2: Frame shift | AL2: Frame shift | AM2: PS | AN2: Change in SMILES | AO2: Chain growth + inversion | AP2: Inversion | AQ2: Duplication | AR2: Change in SMILES | AS2: Change in Descriptor ID | AT2: HHTT Conjugate | AU2: HHTT Conjugate | AV2: Polyethylene backbone | AW2: Change bonding descriptors | AX2: Polyethylene backbone | AY2: HT but same backbone | AZ2: different SMILES | BA2: HH-TT PVC | BB2: Duplicated | BC2: Adding [$] to symmetric RU | BD2: Adding [$] to symmetric RU | BE2: Copolymer with EG | BF2: Change bonding descriptors | BG2: RU Split | BH2: RU order flipped | BI2: Duplicated RU | BJ2: Flipped EG | BK2: Wrong terminal descriptor, no match | BL2: Copolymer with complex pendant group | BM2: RU Split | BN2: flipped RU | BO2: Implicit-Explicit representation | BP2: Chain-Growth Copolymer | BQ2: Switch RU order | BR2: RU Split | BS2: RU Split | BT2: RU Duplication | BU2: Double bond | BV2: Add bonding descriptors | BW2: Realization in EG, no match | BX2: HT, TH | BY2: Change in SMILES | BZ2: HT PB | CA2: Flip of cis | CB2: HHTT PB | CC2: Duplicated RU | CD2: Ring along the backbone | CE2: Change in bonding descriptors | CF2: Duplicated RU | CG2: AABB copolymer | CH2: Equivalent AB (does not hit), but does hit by substructure search | CI2: Flipped repeat units | CJ2: Equivalent AB (does not hit) | CK2: Duplicated RU | CL2: Ring along the backbone | CM2: Duplicated RU | CN2: Duplicated RU | CO2: Equivalent AB representation | CP2: Change in RU order | CQ2: Ring along the backbone | CR2: Change to SMILES | CS2: Change in ring ID | CT2: Change in descriptor ID | CU2: Duplication | CV2: End group | CW2: RU Split | CX2: RU Split, order change | CY2: Flipped EG | CZ2: Flipped bonding descriptors | DA2: Duplication | DB2: Implicit/Explicit Representation | DC2: Complicated Copolymer | DD2: Duplication
E3: # of Matches | F3: =COUNTIF(F5:F1000, 1) | G3: =COUNTIF(G5:G1000, 1) | H3: =COUNTIF(H5:H1000, 1) | I3: =COUNTIF(I5:I1000, 1) | J3: =COUNTIF(J5:J1000, 1) | K3: =COUNTIF(K5:K1000, 1) | L3: =COUNTIF(L5:L1000, 1) | M3: =COUNTIF(M5:M1000, 1) | ... DD3: =COUNTIF(DD5:DD1000, 1)
E4: Case (Right) Topology (Below) | F4: PEG | K4: Wrong bonding descriptor | L4: Frame Shift | O4: Frame shift with EG | V4: Now add hydrogen end groups, hits different than {[][<]CCO[>][]} | AC4: Implicit EG | AH4: Frame Shift PDMS | AM4: Chain-growth copolymer | AV4: Polyethylene backbone | BA4: HH-TT chemistry | BE4: Copolymer with 1 EG | BL4: Copolymer with complex pendant group | BP4: Chain-Growth Copolymer | BU4: Double Bond | BZ4: Symmetric double bond | CD4: Ring along the backbone | CG4: AA-BB copolymer | CL4: Ring along the backbone | CQ4: Ring along the backbone | CV4: End group | DC4: Complicated
A5: {[][<][Si](CC)(CC)O[>][]} | B5: {[][>][Si](CC)(CC)O[<][]} | C5: Poly[oxy(diethylsilylene)] | D5: Bicerano's Book | E5: Single Object | G5: =F5 | H5: =F5 | I5: =F5 | J5: =F5 | P5: =O5 | Q5: =O5 | R5: =O5 | S5: =O5 | T5: =O5 | U5: =O5 | W5: =V5 | X5: =V5 | Y5: =V5 | Z5: =V5 | AA5: =V5 | AB5: =V5 | AD5: =AC5 | AE5: =AC5 | AF5: =AC5 | AG5: =AC5 | AI5: =AH5 | AJ5: =AI5 | AK5: =AJ5 | AL5: =AK5 | AN5: =AM5 | AO5: =AM5 | AP5: =AO5 | AQ5: =AP5 | AR5: =AQ5 | AS5: =AR5 | AT5: =AS5 | AU5: =AT5 | AW5: =AV5 | AX5: =AW5 | AY5: =AX5 | AZ5: =AY5 | BB5: =BA5 | BC5: =BA5 | BD5: =BA5 | BF5: =BE5 | BG5: =BF5 | BH5: =BG5 | BI5: =BH5 | BJ5: =BI5 | BM5: =BL5 | BN5: =BM5 | BO5: =BN5 | BQ5: =BP5 | BR5: =BQ5 | BS5: =BR5 | BT5: =BS5 | BV5: =BU5 | BX5: =BV5 | BY5: =BX5 | CA5: =BZ5 | CB5: =CA5 | CC5: =CB5 | CE5: =CD5 | CF5: =CE5 | CI5: =CG5 | CJ5: =CH5 | CK5: =CI5 | CM5: =CL5 | CN5: =CM5 | CP5: =CN5 | CR5: =CQ5 | CS5: =CR5 | CT5: =CS5 | CU5: =CT5 | CW5: =CV5 | CX5: =CW5 | CY5: =CX5 | CZ5: =CY5 | DA5: =CZ5 | DB5: =DA5 | DD5: =DC5
A6: {[][<][Si](C)(C)O[>][]} | B6: {[][>][Si](C)(C)O[<][]} | C6: Poly(dimethyl siloxane) | D6: Bicerano's Book | E6: Single Object | G6: =F6 | H6: =F6 | I6: =F6 | J6: =F6 | P6: =O6 | Q6: =O6 | R6: =O6 | S6: =O6 | T6: =O6 | U6: =O6 | W6: =V6 | X6: =V6 | Y6: =V6 | Z6: =V6 | AA6: =V6 | AB6: =V6 | AD6: =AC6 | AE6: =AC6 | AF6: =AC6 | AG6: =AC6 | AI6: =AH6 | AJ6: =AI6 | AK6: =AJ6 | AL6: =AK6 | AN6: =AM6 | AO6: =AM6 | AP6: =AO6 | AQ6: =AP6 | AR6: =AQ6 | AS6: =AR6 | AT6: =AS6 | AU6: =AT6 | AW6: =AV6 | AX6: =AW6 | AY6: =AX6 | AZ6: =AY6 | BB6: =BA6 | BC6: =BA6 | BD6: =BA6 | BF6: =BE6 | BG6: =BF6 | BH6: =BG6 | BI6: =BH6 | BJ6: =BI6 | BM6: =BL6 | BN6: =BM6 | BO6: =BN6 | BQ6: =BP6 | BR6: =BQ6 | BS6: =BR6 | BT6: =BS6 | BV6: =BU6 | BX6: =BV6 | BY6: =BV6 | CA6: =BZ6 | CB6: =CA6 | CC6: =CB6 | CE6: =CD6 | CF6: =CE6 | CI6: =CG6 | CJ6: =CH6 | CK6: =CI6 | CM6: =CL6 | CN6: =CM6 | CP6: =CN6 | CR6: =CQ6 | CS6: =CR6 | CT6: =CS6 | CU6: =CT6 | CW6: =CV6 | CX6: =CW6 | CY6: =CX6 | CZ6: =CY6 | DA6: =CZ6 | DB6: =DA6 | DD6: =DC6
A7: {[][$]C\C=C/C[$][]} | B7: {[][>]C/C=C\C[<][]} | C7: Poly(cis-1,4-butadiene) | D7: Bicerano's Book | E7: Single Object | G7: =F7 | H7: =F7 | I7: =F7 | J7: =F7 | P7: =O7 | Q7: =O7 | R7: =O7 | S7: =O7 | T7: =O7 | U7: =O7 | W7: =V7 | X7: =V7 | Y7: =V7 | Z7: =V7 | AA7: =V7 | AB7: =V7 | AD7: =AC7 | AE7: =AC7 | AF7: =AC7 | AG7: =AC7 | AI7: =AH7 | AJ7: =AI7 | AK7: =AJ7 | AL7: =AK7 | AN7: =AM7 | AO7: =AM7 | AP7: =AO7 | AQ7: =AP7 | AR7: =AQ7 | AS7: =AR7 | AT7: =AS7 | AU7: =AT7 | AW7: =AV7 | AX7: =AW7 | AY7: =AX7 | AZ7: =AY7 | BB7: =BA7 | BC7: =BA7 | BD7: =BA7 | BF7: =BE7 | BG7: =BF7 | BH7: =BG7 | BI7: =BH7 | BJ7: =BI7 | BM7: =BL7 | BN7: =BM7 | BO7: =BN7 | BQ7: =BP7 | BR7: =BQ7 | BS7: =BR7 | BT7: =BS7 | BV7: =BU7 | BX7: =BV7 | BY7: =BV7 | BZ7: 1 | CA7: =BZ7 | CB7: =CA7 | CC7: =CB7 | CE7: =CD7 | CF7: =CE7 | CI7: =CG7 | CJ7: =CH7 | CK7: =CI7 | CM7: =CL7 | CN7: =CM7 | CP7: =CN7 | CR7: =CQ7 | CS7: =CR7 | CT7: =CS7 | CU7: =CT7 | CW7: =CV7 | CX7: =CW7 | CY7: =CX7 | CZ7: =CY7 | DA7: =CZ7 | DB7: =DA7 | DD7: =DC7
A8: {[][<]C[Si](C)(C)[>][]} | B8: {[][>][Si](C)(C)C[<][]} | C8: Poly(dimethylsilylenemethylene) | D8: Bicerano's Book | E8: Single Object | G8: =F8 | H8: =F8 | I8: =F8 | J8: =F8 | P8: =O8 | Q8: =O8 | R8: =O8 | S8: =O8 | T8: =O8 | U8: =O8 | W8: =V8 | X8: =V8 | Y8: =V8 | Z8: =V8 | AA8: =V8 | AB8: =V8 | AD8: =AC8 | AE8: =AC8 | AF8: =AC8 | AG8: =AC8 | AI8: =AH8 | AJ8: =AI8 | AK8: =AJ8 | AL8: =AK8 | AN8: =AM8 | AO8: =AM8 | AP8: =AO8 | AQ8: =AP8 | AR8: =AQ8 | AS8: =AR8 | AT8: =AS8 | AU8: =AT8 | AW8: =AV8 | AX8: =AW8 | AY8: =AX8 | AZ8: =AY8 | BB8: =BA8 | BC8: =BA8 | BD8: =BA8 | BF8: =BE8 | BG8: =BF8 | BH8: =BG8 | BI8: =BH8 | BJ8: =BI8 | BM8: =BL8 | BN8: =BM8 | BO8: =BN8 | BQ8: =BP8 | BR8: =BQ8 | BS8: =BR8 | BT8: =BS8 | BV8: =BU8 | BX8: =BV8 | BY8: =BV8 | CA8: =BZ8 | CB8: =CA8 | CC8: =CB8 | CE8: =CD8 | CF8: =CE8 | CI8: =CG8 | CJ8: =CH8 | CK8: =CI8 | CM8: =CL8 | CN8: =CM8 | CP8: =CN8 | CR8: =CQ8 | CS8: =CR8 | CT8: =CS8 | CU8: =CT8 | CW8: =CV8 | CX8: =CW8 | CY8: =CX8 | CZ8: =CY8 | DA8: =CZ8 | DB8: =DA8 | DD8: =DC8
A9: {[][<][Si](c1ccccc1)(C)O[>][]} | B9: {[][>][Si](c(cc1)ccc1)(C)O[<][]} | C9: Poly[oxy(methylphenylsilylene)] | D9: Bicerano's Book | E9: Single Object | G9: =F9 | H9: =F9 | I9: =F9 | J9: =F9 | P9: =O9 | Q9: =O9 | R9: =O9 | S9: =O9 | T9: =O9 | U9: =O9 | W9: =V9 | X9: =V9 | Y9: =V9 | Z9: =V9 | AA9: =V9 | AB9: =V9 | AD9: =AC9 | AE9: =AC9 | AF9: =AC9 | AG9: =AC9 | AI9: =AH9 | AJ9: =AI9 | AK9: =AJ9 | AL9: =AK9 | AN9: =AM9 | AO9: =AM9 | AP9: =AO9 | AQ9: =AP9 | AR9: =AQ9 | AS9: =AR9 | AT9: =AS9 | AU9: =AT9 | AW9: =AV9 | AX9: =AW9 | AY9: =AX9 | AZ9: =AY9 | BB9: =BA9 | BC9: =BA9 | BD9: =BA9 | BF9: =BE9 | BG9: =BF9 | BH9: =BG9 | BI9: =BH9 | BJ9: =BI9 | BM9: =BL9 | BN9: =BM9 | BO9: =BN9 | BQ9: =BP9 | BR9: =BQ9 | BS9: =BR9 | BT9: =BS9 | BV9: =BU9 | BX9: =BV9 | BY9: =BV9 | CA9: =BZ9 | CB9: =CA9 | CC9: =CB9 | CE9: =CD9 | CF9: =CE9 | CI9: =CG9 | CJ9: =CH9 | CK9: =CI9 | CM9: =CL9 | CN9: =CM9 | CP9: =CN9 | CR9: =CQ9 | CS9: =CR9 | CT9: =CS9 | CU9: =CT9 | CW9: =CV9 | CX9: =CW9 | CY9: =CX9 | CZ9: =CY9 | DA9: =CZ9 | DB9: =DA9 | DD9: =DC9
A10: {[][<]CC(COCCCCCC)O[>],[<]C(COCCCCCC)CO[>][]} | B10: {[][>]OCC(COCCCCCC)[<],[>]OC(COCCCCCC)C[<][]} | C10: Poly(3-hexoxypropylene oxide) | D10: Bicerano's Book | E10: Single Object | G10: =F10 | H10: =F10 | I10: =F10 | J10: =F10 | P10: =O10 | Q10: =O10 | R10: =O10 | S10: =O10 | T10: =O10 | U10: =O10 | W10: =V10 | X10: =V10 | Y10: =V10 | Z10: =V10 | AA10: =V10 | AB10: =V10 | AD10: =AC10 | AE10: =AC10 | AF10: =AC10 | AG10: =AC10 | AI10: =AH10 | AJ10: =AI10 | AK10: =AJ10 | AL10: =AK10 | AN10: =AM10 | AO10: =AM10 | AP10: =AO10 | AQ10: =AP10 | AR10: =AQ10 | AS10: =AR10 | AT10: =AS10 | AU10: =AT10 | AW10: =AV10 | AX10: =AW10 | AY10: =AX10 | AZ10: =AY10 | BB10: =BA10 | BC10: =BA10 | BD10: =BA10 | BF10: =BE10 | BG10: =BF10 | BH10: =BG10 | BI10: =BH10 | BJ10: =BI10 | BM10: =BL10 | BN10: =BM10 | BO10: =BN10 | BQ10: =BP10 | BR10: =BQ10 | BS10: =BR10 | BT10: =BS10 | BV10: =BU10 | BX10: =BV10 | BY10: =BV10 | CA10: =BZ10 | CB10: =CA10 | CC10: =CB10 | CE10: =CD10 | CF10: =CE10 | CI10: =CG10 | CJ10: =CH10 | CK10: =CI10 | CM10: =CL10 | CN10: =CM10 | CP10: =CN10 | CR10: =CQ10 | CS10: =CR10 | CT10: =CS10 | CU10: =CT10 | CW10: =CV10 | CX10: =CW10 | CY10: =CX10 | CZ10: =CY10 | DA10: =CZ10 | DB10: =DA10 | DD10: =DC10
A11: {[][<]CCCCO[>][]} | B11: {[][>]OCCCC[<][]} | C11: Polyoxytetramethylene | D11: Bicerano's Book | E11: Single Object | G11: =F11 | H11: =F11 | I11: =F11 | J11: =F11 | P11: =O11 | Q11: =O11 | R11: =O11 | S11: =O11 | T11: =O11 | U11: =O11 | W11: =V11 | X11: =V11 | Y11: =V11 | Z11: =V11 | AA11: =V11 | AB11: =V11 | AD11: =AC11 | AE11: =AC11 | AF11: =AC11 | AG11: =AC11 | AI11: =AH11 | AJ11: =AI11 | AK11: =AJ11 | AL11: =AK11 | AN11: =AM11 | AO11: =AM11 | AP11: =AO11 | AQ11: =AP11 | AR11: =AQ11 | AS11: =AR11 | AT11: =AS11 | AU11: =AT11 | AW11: =AV11 | AX11: =AW11 | AY11: =AX11 | AZ11: =AY11 | BB11: =BA11 | BC11: =BA11 | BD11: =BA11 | BF11: =BE11 | BG11: =BF11 | BH11: =BG11 | BI11: =BH11 | BJ11: =BI11 | BM11: =BL11 | BN11: =BM11 | BO11: =BN11 | BQ11: =BP11 | BR11: =BQ11 | BS11: =BR11 | BT11: =BS11 | BV11: =BU11 | BX11: =BV11 | BY11: =BV11 | CA11: =BZ11 | CB11: =CA11 | CC11: =CB11 | CE11: =CD11 | CF11: =CE11 | CI11: =CG11 | CJ11: =CH11 | CK11: =CI11 | CM11: =CL11 | CN11: =CM11 | CP11: =CN11 | CR11: =CQ11 | CS11: =CR11 | CT11: =CS11 | CU11: =CT11 | CW11: =CV11 | CX11: =CW11 | CY11: =CX11 | CZ11: =CY11 | DA11: =CZ11 | DB11: =DA11 | DD11: =DC11
A12: {[][<][Si](C)(C)N[>][]} | B12: {[][>][Si](C)(C)N[<][]} | C12: Poly(1,1-dimethylsilazane) | D12: Bicerano's Book | E12: Single Object | G12: =F12 | H12: =F12 | I12: =F12 | J12: =F12 | P12: =O12 | Q12: =O12 | R12: =O12 | S12: =O12 | T12: =O12 | U12: =O12 | W12: =V12 | X12: =V12 | Y12: =V12 | Z12: =V12 | AA12: =V12 | AB12: =V12 | AD12: =AC12 | AE12: =AC12 | AF12: =AC12 | AG12: =AC12 | AI12: =AH12 | AJ12: =AI12 | AK12: =AJ12 | AL12: =AK12 | AN12: =AM12 | AO12: =AM12 | AP12: =AO12 | AQ12: =AP12 | AR12: =AQ12 | AS12: =AR12 | AT12: =AS12 | AU12: =AT12 | AW12: =AV12 | AX12: =AW12 | AY12: =AX12 | AZ12: =AY12 | BB12: =BA12 | BC12: =BA12 | BD12: =BA12 | BF12: =BE12 | BG12: =BF12 | BH12: =BG12 | BI12: =BH12 | BJ12: =BI12 | BM12: =BL12 | BN12: =BM12 | BO12: =BN12 | BQ12: =BP12 | BR12: =BQ12 | BS12: =BR12 | BT12: =BS12 | BV12: =BU12 | BX12: =BV12 | BY12: =BV12 | CA12: =BZ12 | CB12: =CA12 | CC12: =CB12 | CE12: =CD12 | CF12: =CE12 | CI12: =CG12 | CJ12: =CH12 | CK12: =CI12 | CM12: =CL12 | CN12: =CM12 | CP12: =CN12 | CR12: =CQ12 | CS12: =CR12 | CT12: =CS12 | CU12: =CT12 | CW12: =CV12 | CX12: =CW12 | CY12: =CX12 | CZ12: =CY12 | DA12: =CZ12 | DB12: =DA12 | DD12: =DC12
A13: {[][$]CC=C(CCCC)C[$][]} | B13: {[][>]CC=C(CCCC)C[<],[>]CC(CCCC)=CC[<][]} | C13: Poly(2-n-butyl-1,4-butadiene) | D13: Bicerano's Book | E13: Single Object | G13: =F13 | H13: =F13 | I13: =F13 | J13: =F13 | P13: =O13 | Q13: =O13 | R13: =O13 | S13: =O13 | T13: =O13 | U13: =O13 | W13: =V13 | X13: =V13 | Y13: =V13 | Z13: =V13 | AA13: =V13 | AB13: =V13 | AD13: =AC13 | AE13: =AC13 | AF13: =AC13 | AG13: =AC13 | AI13: =AH13 | AJ13: =AI13 | AK13: =AJ13 | AL13: =AK13 | AN13: =AM13 | AO13: =AM13 | AP13: =AO13 | AQ13: =AP13 | AR13: =AQ13 | AS13: =AR13 | AT13: =AS13 | AU13: =AT13 | AW13: =AV13 | AX13: =AW13 | AY13: =AX13 | AZ13: =AY13 | BB13: =BA13 | BC13: =BA13 | BD13: =BA13 | BF13: =BE13 | BG13: =BF13 | BH13: =BG13 | BI13: =BH13 | BJ13: =BI13 | BM13: =BL13 | BN13: =BM13 | BO13: =BN13 | BQ13: =BP13 | BR13: =BQ13 | BS13: =BR13 | BT13: =BS13 | BV13: =BU13 | BX13: =BV13 | BY13: =BV13 | CA13: =BZ13 | CB13: =CA13 | CC13: =CB13 | CE13: =CD13 | CF13: =CE13 | CI13: =CG13 | CJ13: =CH13 | CK13: =CI13 | CM13: =CL13 | CN13: =CM13 | CP13: =CN13 | CR13: =CQ13 | CS13: =CR13 | CT13: =CS13 | CU13: =CT13 | CW13: =CV13 | CX13: =CW13 | CY13: =CX13 | CZ13: =CY13 | DA13: =CZ13 | DB13: =DA13 | DD13: =DC13
A14: {[][$]CC(OCCCCCCCC)[$][]} | B14: {[][>]CC(OCCCCCCCC)[<],[>]C(OCCCCCCCC)C[<][]} | C14: Poly(vinyl n-octyl ether) | D14: Bicerano's Book | E14: Single Object | G14: =F14 | H14: =F14 | I14: =F14 | J14: =F14 | P14: =O14 | Q14: =O14 | R14: =O14 | S14: =O14 | T14: =O14 | U14: =O14 | W14: =V14 | X14: =V14 | Y14: =V14 | Z14: =V14 | AA14: =V14 | AB14: =V14 | AD14: =AC14 | AE14: =AC14 | AF14: =AC14 | AG14: =AC14 | AI14: =AH14 | AJ14: =AI14 | AK14: =AJ14 | AL14: =AK14 | AN14: =AM14 | AO14: =AM14 | AP14: =AO14 | AQ14: =AP14 | AR14: =AQ14 | AS14: =AR14 | AT14: =AS14 | AU14: =AT14 | AW14: =AV14 | AX14: =AW14 | AY14: =AX14 | AZ14: =AY14 | BB14: =BA14 | BC14: =BA14 | BD14: =BA14 | BF14: =BE14 | BG14: =BF14 | BH14: =BG14 | BI14: =BH14 | BJ14: =BI14 | BM14: =BL14 | BN14: =BM14 | BO14: =BN14 | BQ14: =BP14 | BR14: =BQ14 | BS14: =BR14 | BT14: =BS14 | BV14: =BU14 | BX14: =BV14 | BY14: =BV14 | CA14: =BZ14 | CB14: =CA14 | CC14: =CB14 | CE14: =CD14 | CF14: =CE14 | CI14: =CG14 | CJ14: =CH14 | CK14: =CI14 | CM14: =CL14 | CN14: =CM14 | CP14: =CN14 | CR14: =CQ14 | CS14: =CR14 | CT14: =CS14 | CU14: =CT14 | CW14: =CV14 | CX14: =CW14 | CY14: =CX14 | CZ14: =CY14 | DA14: =CZ14 | DB14: =DA14 | DD14: =DC14
A15: {[][<]CC(COCCCC)O[>],[<]C(COCCCC)CO[>][]} | B15: {[][>]OCC(COCCCC)[<],[>]OC(COCCCC)C[<][]} | C15: Poly(3-butoxypropylene oxide) | D15: Bicerano's Book | E15: Single Object | G15: =F15 | H15: =F15 | I15: =F15 | J15: =F15 | P15: =O15 | Q15: =O15 | R15: =O15 | S15: =O15 | T15: =O15 | U15: =O15 | W15: =V15 | X15: =V15 | Y15: =V15 | Z15: =V15 | AA15: =V15 | AB15: =V15 | AD15: =AC15 | AE15: =AC15 | AF15: =AC15 | AG15: =AC15 | AI15: =AH15 | AJ15: =AI15 | AK15: =AJ15 | AL15: =AK15 | AN15: =AM15 | AO15: =AM15 | AP15: =AO15 | AQ15: =AP15 | AR15: =AQ15 | AS15: =AR15 | AT15: =AS15 | AU15: =AT15 | AW15: =AV15 | AX15: =AW15 | AY15: =AX15 | AZ15: =AY15 | BB15: =BA15 | BC15: =BA15 | BD15: =BA15 | BF15: =BE15 | BG15: =BF15 | BH15: =BG15 | BI15: =BH15 | BJ15: =BI15 | BM15: =BL15 | BN15: =BM15 | BO15: =BN15 | BQ15: =BP15 | BR15: =BQ15 | BS15: =BR15 | BT15: =BS15 | BV15: =BU15 | BX15: =BV15 | BY15: =BV15 | CA15: =BZ15 | CB15: =CA15 | CC15: =CB15 | CE15: =CD15 | CF15: =CE15 | CI15: =CG15 | CJ15: =CH15 | CK15: =CI15 | CM15: =CL15 | CN15: =CM15 | CP15: =CN15 | CR15: =CQ15 | CS15: =CR15 | CT15: =CS15 | CU15: =CT15 | CW15: =CV15 | CX15: =CW15 | CY15: =CX15 | CZ15: =CY15 | DA15: =CZ15 | DB15: =DA15 | DD15: =DC15
A16: {[][$]CC[$][]} | B16: {[][>]CC[<][]} | C16: Polyethylene | D16: Bicerano's Book | E16: Single Object | G16: =F16 | H16: =F16 | I16: =F16 | J16: =F16 | P16: =O16 | Q16: =O16 | R16: =O16 | S16: =O16 | T16: =O16 | U16: =O16 | W16: =V16 | X16: =V16 | Y16: =V16 | Z16: =V16 | AA16: =V16 | AB16: =V16 | AD16: =AC16 | AE16: =AC16 | AF16: =AC16 | AG16: =AC16 | AI16: =AH16 | AJ16: =AI16 | AK16: =AJ16 | AL16: =AK16 | AN16: =AM16 | AO16: =AM16 | AP16: =AO16 | AQ16: =AP16 | AR16: =AQ16 | AS16: =AR16 | AT16: =AS16 | AU16: =AT16 | AV16: 1 | AW16: =AV16 | AX16: =AW16 | AY16: =AX16 | AZ16: =AY16 | BB16: =BA16 | BC16: =BA16 | BD16: =BA16 | BF16: =BE16 | BG16: =BF16 | BH16: =BG16 | BI16: =BH16 | BJ16: =BI16 | BM16: =BL16 | BN16: =BM16 | BO16: =BN16 | BQ16: =BP16 | BR16: =BQ16 | BS16: =BR16 | BT16: =BS16 | BV16: =BU16 | BX16: =BV16 | BY16: =BV16 | CA16: =BZ16 | CB16: =CA16 | CC16: =CB16 | CE16: =CD16 | CF16: =CE16 | CI16: =CG16 | CJ16: =CH16 | CK16: =CI16 | CM16: =CL16 | CN16: =CM16 | CP16: =CN16 | CR16: =CQ16 | CS16: =CR16 | CT16: =CS16 | CU16: =CT16 | CW16: =CV16 | CX16: =CW16 | CY16: =CX16 | CZ16: =CY16 | DA16: =CZ16 | DB16: =DA16 | DD16: =DC16
A17: {[][<]CCCO[>][]} | B17: {[][>]OCCC[<][]} | C17: Polyoxytrimethylene | D17: Bicerano's Book | E17: Single Object | G17: =F17 | H17: =F17 | I17: =F17 | J17: =F17 | P17: =O17 | Q17: =O17 | R17: =O17 | S17: =O17 | T17: =O17 | U17: =O17 | W17: =V17 | X17: =V17 | Y17: =V17 | Z17: =V17 | AA17: =V17 | AB17: =V17 | AD17: =AC17 | AE17: =AC17 | AF17: =AC17 | AG17: =AC17 | AI17: =AH17 | AJ17: =AI17 | AK17: =AJ17 | AL17: =AK17 | AN17: =AM17 | AO17: =AM17 | AP17: =AO17 | AQ17: =AP17 | AR17: =AQ17 | AS17: =AR17 | AT17: =AS17 | AU17: =AT17 | AW17: =AV17 | AX17: =AW17 | AY17: =AX17 | AZ17: =AY17 | BB17: =BA17 | BC17: =BA17 | BD17: =BA17 | BF17: =BE17 | BG17: =BF17 | BH17: =BG17 | BI17: =BH17 | BJ17: =BI17 | BM17: =BL17 | BN17: =BM17 | BO17: =BN17 | BQ17: =BP17 | BR17: =BQ17 | BS17: =BR17 | BT17: =BS17 | BV17: =BU17 | BX17: =BV17 | BY17: =BV17 | CA17: =BZ17 | CB17: =CA17 | CC17: =CB17 | CE17: =CD17 | CF17: =CE17 | CI17: =CG17 | CJ17: =CH17 | CK17: =CI17 | CM17: =CL17 | CN17: =CM17 | CP17: =CN17 | CR17: =CQ17 | CS17: =CR17 | CT17: =CS17 | CU17: =CT17 | CW17: =CV17 | CX17: =CW17 | CY17: =CX17 | CZ17: =CY17 | DA17: =CZ17 | DB17: =DA17 | DD17: =DC17
A18: {[][$]CC=C(CCC)C[$][]} | B18: {[][>]CC=C(CCC)C[<],[>]CC(CCC)=CC[<][]} | C18: Poly(2-n-propyl-1,4-butadiene) | D18: Bicerano's Book | E18: Single Object | G18: =F18 | H18: =F18 | I18: =F18 | J18: =F18 | P18: =O18 | Q18: =O18 | R18: =O18 | S18: =O18 | T18: =O18 | U18: =O18 | W18: =V18 | X18: =V18 | Y18: =V18 | Z18: =V18 | AA18: =V18 | AB18: =V18 | AD18: =AC18 | AE18: =AC18 | AF18: =AC18 | AG18: =AC18 | AI18: =AH18 | AJ18: =AI18 | AK18: =AJ18 | AL18: =AK18 | AN18: =AM18 | AO18: =AM18 | AP18: =AO18 | AQ18: =AP18 | AR18: =AQ18 | AS18: =AR18 | AT18: =AS18 | AU18: =AT18 | AW18: =AV18 | AX18: =AW18 | AY18: =AX18 | AZ18: =AY18 | BB18: =BA18 | BC18: =BA18 | BD18: =BA18 | BF18: =BE18 | BG18: =BF18 | BH18: =BG18 | BI18: =BH18 | BJ18: =BI18 | BM18: =BL18 | BN18: =BM18 | BO18: =BN18 | BQ18: =BP18 | BR18: =BQ18 | BS18: =BR18 | BT18: =BS18 | BU18: 1 | BV18: =BU18 | BX18: =BV18 | BY18: =BV18 | CA18: =BZ18 | CB18: =CA18 | CC18: =CB18 | CE18: =CD18 | CF18: =CE18 | CI18: =CG18 | CJ18: =CH18 | CK18: =CI18 | CM18: =CL18 | CN18: =CM18 | CP18: =CN18 | CR18: =CQ18 | CS18: =CR18 | CT18: =CS18 | CU18: =CT18 | CW18: =CV18 | CX18: =CW18 | CY18: =CX18 | CZ18: =CY18 | DA18: =CZ18 | DB18: =DA18 | DD18: =DC18
A19: {[][$]CC(OCCCCCCCCCC)[$][]} | B19: {[][>]CC(OCCCCCCCCCC)[<],[>]C(OCCCCCCCCCC)C[<][]} | C19: Poly(vinyl n-decyl ether) | D19: Bicerano's Book | E19: Single Object | G19: =F19 | H19: =F19 | I19: =F19 | J19: =F19 | P19: =O19 | Q19: =O19 | R19: =O19 | S19: =O19 | T19: =O19 | U19: =O19 | W19: =V19 | X19: =V19 | Y19: =V19 | Z19: =V19 | AA19: =V19 | AB19: =V19 | AD19: =AC19 | AE19: =AC19 | AF19: =AC19 | AG19: =AC19 | AI19: =AH19 | AJ19: =AI19 | AK19: =AJ19 | AL19: =AK19 | AN19: =AM19 | AO19: =AM19 | AP19: =AO19 | AQ19: =AP19 | AR19: =AQ19 | AS19: =AR19 | AT19: =AS19 | AU19: =AT19 | AW19: =AV19 | AX19: =AW19 | AY19: =AX19 | AZ19: =AY19 | BB19: =BA19 | BC19: =BA19 | BD19: =BA19 | BF19: =BE19 | BG19: =BF19 | BH19: =BG19 | BI19: =BH19 | BJ19: =BI19 | BM19: =BL19 | BN19: =BM19 | BO19: =BN19 | BQ19: =BP19 | BR19: =BQ19 | BS19: =BR19 | BT19: =BS19 | BV19: =BU19 | BX19: =BV19 | BY19: =BV19 | CA19: =BZ19 | CB19: =CA19 | CC19: =CB19 | CE19: =CD19 | CF19: =CE19 | CI19: =CG19 | CJ19: =CH19 | CK19: =CI19 | CM19: =CL19 | CN19: =CM19 | CP19: =CN19 | CR19: =CQ19 | CS19: =CR19 | CT19: =CS19 | CU19: =CT19 | CW19: =CV19 | CX19: =CW19 | CY19: =CX19 | CZ19: =CY19 | DA19: =CZ19 | DB19: =DA19 | DD19: =DC19
A20: {[][$]CC=C(CC)C[$][]} | B20: {[][>]CC=C(CC)C[<],[>]CC(CC)=CC[<][]} | C20: Poly(2-ethyl-1,4-butadiene) | D20: Bicerano's Book | E20: Single Object | G20: =F20 | H20: =F20 | I20: =F20 | J20: =F20 | P20: =O20 | Q20: =O20 | R20: =O20 | S20: =O20 | T20: =O20 | U20: =O20 | W20: =V20 | X20: =V20 | Y20: =V20 | Z20: =V20 | AA20: =V20 | AB20: =V20 | AD20: =AC20 | AE20: =AC20 | AF20: =AC20 | AG20: =AC20 | AI20: =AH20 | AJ20: =AI20 | AK20: =AJ20 | AL20: =AK20 | AN20: =AM20 | AO20: =AM20 | AP20: =AO20 | AQ20: =AP20 | AR20: =AQ20 | AS20: =AR20 | AT20: =AS20 | AU20: =AT20 | AW20: =AV20 | AX20: =AW20 | AY20: =AX20 | AZ20: =AY20 | BB20: =BA20 | BC20: =BA20 | BD20: =BA20 | BF20: =BE20 | BG20: =BF20 | BH20: =BG20 | BI20: =BH20 | BJ20: =BI20 | BM20: =BL20 | BN20: =BM20 | BO20: =BN20 | BQ20: =BP20 | BR20: =BQ20 | BS20: =BR20 | BT20: =BS20 | BV20: =BU20 | BX20: =BV20 | BY20: =BV20 | CA20: =BZ20 | CB20: =CA20 | CC20: =CB20 | CE20: =CD20 | CF20: =CE20 | CI20: =CG20 | CJ20: =CH20 | CK20: =CI20 | CM20: =CL20 | CN20: =CM20 | CP20: =CN20 | CR20: =CQ20 | CS20: =CR20 | CT20: =CS20 | CU20: =CT20 | CW20: =CV20 | CX20: =CW20 | CY20: =CX20 | CZ20: =CY20 | DA20: =CZ20 | DB20: =DA20 | DD20: =DC20
A21: {[][<][Si](C)(CCC(F)(F)F)O[>][]} | B21: {[][>][Si](CCC(F)(F)F)(C)O[<][]} | C21: Poly[oxy(methyl γ-trifluoropropylsilylene)] | D21: Bicerano's Book | E21: Single Object | G21: =F21 | H21: =F21 | I21: =F21 | J21: =F21 | P21: =O21 | Q21: =O21 | R21: =O21 | S21: =O21 | T21: =O21 | U21: =O21 | W21: =V21 | X21: =V21 | Y21: =V21 | Z21: =V21 | AA21: =V21 | AB21: =V21 | AD21: =AC21 | AE21: =AC21 | AF21: =AC21 | AG21: =AC21 | AI21: =AH21 | AJ21: =AI21 | AK21: =AJ21 | AL21: =AK21 | AN21: =AM21 | AO21: =AM21 | AP21: =AO21 | AQ21: =AP21 | AR21: =AQ21 | AS21: =AR21 | AT21: =AS21 | AU21: =AT21 | AW21: =AV21 | AX21: =AW21 | AY21: =AX21 | AZ21: =AY21 | BB21: =BA21 | BC21: =BA21 | BD21: =BA21 | BF21: =BE21 | BG21: =BF21 | BH21: =BG21 | BI21: =BH21 | BJ21: =BI21 | BM21: =BL21 | BN21: =BM21 | BO21: =BN21 | BQ21: =BP21 | BR21: =BQ21 | BS21: =BR21 | BT21: =BS21 | BV21: =BU21 | BX21: =BV21 | BY21: =BV21 | CA21: =BZ21 | CB21: =CA21 | CC21: =CB21 | CE21: =CD21 | CF21: =CE21 | CI21: =CG21 | CJ21: =CH21 | CK21: =CI21 | CM21: =CL21 | CN21: =CM21 | CP21: =CN21 | CR21: =CQ21 | CS21: =CR21 | CT21: =CS21 | CU21: =CT21 | CW21: =CV21 | CX21: =CW21 | CY21: =CX21 | CZ21: =CY21 | DA21: =CZ21 | DB21: =DA21 | DD21: =DC21
A22: {[][$]CC(C)(C)[$][]} | B22: {[][>]CC(C)(C)[<],[>]C(C)(C)C[<][]} | C22: Polyisobutylene | D22: Bicerano's Book | E22: Single Object | G22: =F22 | H22: =F22 | I22: =F22 | J22: =F22 | P22: =O22 | Q22: =O22 | R22: =O22 | S22: =O22 | T22: =O22 | U22: =O22 | W22: =V22 | X22: =V22 | Y22: =V22 | Z22: =V22 | AA22: =V22 | AB22: =V22 | AD22: =AC22 | AE22: =AC22 | AF22: =AC22 | AG22: =AC22 | AI22: =AH22 | AJ22: =AI22 | AK22: =AJ22 | AL22: =AK22 | AN22: =AM22 | AO22: =AM22 | AP22: =AO22 | AQ22: =AP22 | AR22: =AQ22 | AS22: =AR22 | AT22: =AS22 | AU22: =AT22 | AW22: =AV22 | AX22: =AW22 | AY22: =AX22 | AZ22: =AY22 | BB22: =BA22 | BC22: =BA22 | BD22: =BA22 | BF22: =BE22 | BG22: =BF22 | BH22: =BG22 | BI22: =BH22 | BJ22: =BI22 | BM22: =BL22 | BN22: =BM22 | BO22: =BN22 | BQ22: =BP22 | BR22: =BQ22 | BS22: =BR22 | BT22: =BS22 | BV22: =BU22 | BX22: =BV22 | BY22: =BV22 | CA22: =BZ22 | CB22: =CA22 | CC22: =CB22 | CE22: =CD22 | CF22: =CE22 | CI22: =CG22 | CJ22: =CH22 | CK22: =CI22 | CM22: =CL22 | CN22: =CM22 | CP22: =CN22 | CR22: =CQ22 | CS22: =CR22 | CT22: =CS22 | CU22: =CT22 | CW22: =CV22 | CX22: =CW22 | CY22: =CX22 | CZ22: =CY22 | DA22: =CZ22 | DB22: =DA22 | DD22: =DC22
A23: {[][<]CCC[Si](C)(C)[>][]} | B23: {[][>][Si](C)(C)CCC[<][]} | C23: Poly(dimethylsilylenetrimethylene) | D23: Bicerano's Book | E23: Single Object | G23: =F23 | H23: =F23 | I23: =F23 | J23: =F23 | P23: =O23 | Q23: =O23 | R23: =O23 | S23: =O23 | T23: =O23 | U23: =O23 | W23: =V23 | X23: =V23 | Y23: =V23 | Z23: =V23 | AA23: =V23 | AB23: =V23 | AD23: =AC23 | AE23: =AC23 | AF23: =AC23 | AG23: =AC23 | AI23: =AH23 | AJ23: =AI23 | AK23: =AJ23 | AL23: =AK23 | AN23: =AM23 | AO23: =AM23 | AP23: =AO23 | AQ23: =AP23 | AR23: =AQ23 | AS23: =AR23 | AT23: =AS23 | AU23: =AT23 | AW23: =AV23 | AX23: =AW23 | AY23: =AX23 | AZ23: =AY23 | BB23: =BA23 | BC23: =BA23 | BD23: =BA23 | BF23: =BE23 | BG23: =BF23 | BH23: =BG23 | BI23: =BH23 | BJ23: =BI23 | BM23: =BL23 | BN23: =BM23 | BO23: =BN23 | BQ23: =BP23 | BR23: =BQ23 | BS23: =BR23 | BT23: =BS23 | BV23: =BU23 | BX23: =BV23 | BY23: =BV23 | CA23: =BZ23 | CB23: =CA23 | CC23: =CB23 | CE23: =CD23 | CF23: =CE23 | CI23: =CG23 | CJ23: =CH23 | CK23: =CI23 | CM23: =CL23 | CN23: =CM23 | CP23: =CN23 | CR23: =CQ23 | CS23: =CR23 | CT23: =CS23 | CU23: =CT23 | CW23: =CV23 | CX23: =CW23 | CY23: =CX23 | CZ23: =CY23 | DA23: =CZ23 | DB23: =DA23 | DD23: =DC23
A24: {[][<]CCCCCCCCO[>][]} | B24: {[][>]OCCCCCCCC[<][]} | C24: Polyoxyoctamethylene | D24: Bicerano's Book | E24: Single Object | G24: =F24 | H24: =F24 | I24: =F24 | J24: =F24 | P24: =O24 | Q24: =O24 | R24: =O24 | S24: =O24 | T24: =O24 | U24: =O24 | W24: =V24 | X24: =V24 | Y24: =V24 | Z24: =V24 | AA24: =V24 | AB24: =V24 | AD24: =AC24 | AE24: =AC24 | AF24: =AC24 | AG24: =AC24 | AI24: =AH24 | AJ24: =AI24 | AK24: =AJ24 | AL24: =AK24 | AN24: =AM24 | AO24: =AM24 | AP24: =AO24 | AQ24: =AP24 | AR24: =AQ24 | AS24: =AR24 | AT24: =AS24 | AU24: =AT24 | AW24: =AV24 | AX24: =AW24 | AY24: =AX24 | AZ24: =AY24 | BB24: =BA24 | BC24: =BA24 | BD24: =BA24 | BF24: =BE24 | BG24: =BF24 | BH24: =BG24 | BI24: =BH24 | BJ24: =BI24 | BM24: =BL24 | BN24: =BM24 | BO24: =BN24 | BQ24: =BP24 | BR24: =BQ24 | BS24: =BR24 | BT24: =BS24 | BV24: =BU24 | BX24: =BV24 | BY24: =BV24 | CA24: =BZ24 | CB24: =CA24 | CC24: =CB24 | CE24: =CD24 | CF24: =CE24 | CI24: =CG24 | CJ24: =CH24 | CK24: =CI24 | CM24: =CL24 | CN24: =CM24 | CP24: =CN24 | CR24: =CQ24 | CS24: =CR24 | CT24: =CS24 | CU24: =CT24 | CW24: =CV24 | CX24: =CW24 | CY24: =CX24 | CZ24: =CY24 | DA24: =CZ24 | DB24: =DA24 | DD24: =DC24
A25: {[][$]CC=C(C)C[$],[$]CC(C(C)=C)[$],[$]CC(C)(C=C)[$][]} | B25: {[][>]CC(C(=C)C)[<],[>]C(C(=C)C)C[<],[>]CC(C)(C=C)[<],[>]C(C)(C=C)C[<],[>]CC=C(C)C[<],[>]CC(C)=CC[<][]} | C25: Polyisoprene | D25: Bicerano's Book | E25: Single Object | G25: =F25 | H25: =F25 | I25: =F25 | J25: =F25 | P25: =O25 | Q25: =O25 | R25: =O25 | S25: =O25 | T25: =O25 | U25: =O25 | W25: =V25 | X25: =V25 | Y25: =V25 | Z25: =V25 | AA25: =V25 | AB25: =V25 | AD25: =AC25 | AE25: =AC25 | AF25: =AC25 | AG25: =AC25 | AI25: =AH25 | AJ25: =AI25 | AK25: =AJ25 | AL25: =AK25 | AN25: =AM25 | AO25: =AM25 | AP25: =AO25 | AQ25: =AP25 | AR25: =AQ25 | AS25: =AR25 | AT25: =AS25 | AU25: =AT25 | AW25: =AV25 | AX25: =AW25 | AY25: =AX25 | AZ25: =AY25 | BB25: =BA25 | BC25: =BA25 | BD25: =BA25 | BF25: =BE25 | BG25: =BF25 | BH25: =BG25 | BI25: =BH25 | BJ25: =BI25 | BM25: =BL25 | BN25: =BM25 | BO25: =BN25 | BQ25: =BP25 | BR25: =BQ25 | BS25: =BR25 | BT25: =BS25 | BV25: =BU25 | BX25: =BV25 | BY25: =BV25 | CA25: =BZ25 | CB25: =CA25 | CC25: =CB25 | CE25: =CD25 | CF25: =CE25 | CI25: =CG25 | CJ25: =CH25 | CK25: =CI25 | CM25: =CL25 | CN25: =CM25 | CP25: =CN25 | CR25: =CQ25 | CS25: =CR25 | CT25: =CS25 | CU25: =CT25 | CW25: =CV25 | CX25: =CW25 | CY25: =CX25 | CZ25: =CY25 | DA25: =CZ25 | DB25: =DA25 | DD25: =DC25
A26: {[][<]CCCCCCO[>][]} | B26: {[][>]OCCCCCC[<][]} | C26: Polyoxyhexamethylene | D26: Bicerano's Book | E26: Single Object | G26: =F26 | H26: =F26 | I26: =F26 | J26: =F26 | P26: =O26 | Q26: =O26 | R26: =O26 | S26: =O26 | T26: =O26 | U26: =O26 | W26: =V26 | X26: =V26 | Y26: =V26 | Z26: =V26 | AA26: =V26 | AB26: =V26 | AD26: =AC26 | AE26: =AC26 | AF26: =AC26 | AG26: =AC26 | AI26: =AH26 | AJ26: =AI26 | AK26: =AJ26 | AL26: =AK26 | AN26: =AM26 | AO26: =AM26 | AP26: =AO26 | AQ26: =AP26 | AR26: =AQ26 | AS26: =AR26 | AT26: =AS26 | AU26: =AT26 | AW26: =AV26 | AX26: =AW26 | AY26: =AX26 | AZ26: =AY26 | BB26: =BA26 | BC26: =BA26 | BD26: =BA26 | BF26: =BE26 | BG26: =BF26 | BH26: =BG26 | BI26: =BH26 | BJ26: =BI26 | BM26: =BL26 | BN26: =BM26 | BO26: =BN26 | BQ26: =BP26 | BR26: =BQ26 | BS26: =BR26 | BT26: =BS26 | BV26: =BU26 | BX26: =BV26 | BY26: =BV26 | CA26: =BZ26 | CB26: =CA26 | CC26: =CB26 | CE26: =CD26 | CF26: =CE26 | CI26: =CG26 | CJ26: =CH26 | CK26: =CI26 | CM26: =CL26 | CN26: =CM26 | CP26: =CN26 | CR26: =CQ26 | CS26: =CR26 | CT26: =CS26 | CU26: =CT26 | CW26: =CV26 | CX26: =CW26 | CY26: =CX26 | CZ26: =CY26 | DA26: =CZ26 | DB26: =DA26 | DD26: =DC26
A27: {[][<]OCCCCO[<],[>]C(=O)CCCCC(=O)[>][]} | B27: {[][>2]OCCCCO[<1],[>3]C(=O)CCCCC(=O)[<2],[>2]OCCCCO[<3],[>3]C(=O)CCCCC(=O)[<1][]} | C27: Poly(tetramethylene adipate) | D27: Bicerano's Book | E27: Single Object | G27: =F27 | H27: =F27 | I27: =F27 | J27: =F27 | P27: =O27 | Q27: =O27 | R27: =O27 | S27: =O27 | T27: =O27 | U27: =O27 | W27: =V27 | X27: =V27 | Y27: =V27 | Z27: =V27 | AA27: =V27 | AB27: =V27 | AD27: =AC27 | AE27: =AC27 | AF27: =AC27 | AG27: =AC27 | AI27: =AH27 | AJ27: =AI27 | AK27: =AJ27 | AL27: =AK27 | AN27: =AM27 | AO27: =AM27 | AP27: =AO27 | AQ27: =AP27 | AR27: =AQ27 | AS27: =AR27 | AT27: =AS27 | AU27: =AT27 | AW27: =AV27 | AX27: =AW27 | AY27: =AX27 | AZ27: =AY27 | BB27: =BA27 | BC27: =BA27 | BD27: =BA27 | BF27: =BE27 | BG27: =BF27 | BH27: =BG27 | BI27: =BH27 | BJ27: =BI27 | BM27: =BL27 | BN27: =BM27 | BO27: =BN27 | BQ27: =BP27 | BR27: =BQ27 | BS27: =BR27 | BT27: =BS27 | BV27: =BU27 | BX27: =BV27 | BY27: =BV27 | CA27: =BZ27 | CB27: =CA27 | CC27: =CB27 | CE27: =CD27 | CF27: =CE27 | CI27: =CG27 | CJ27: =CH27 | CK27: =CI27 | CM27: =CL27 | CN27: =CM27 | CP27: =CN27 | CR27: =CQ27 | CS27: =CR27 | CT27: =CS27 | CU27: =CT27 | CW27: =CV27 | CX27: =CW27 | CY27: =CX27 | CZ27: =CY27 | DA27: =CZ27 | DB27: =DA27 | DD27: =DC27
A28: {[][<]CCO[>][]} | B28: {[][>]OCC[<][]} | C28: Polyoxyethylene | D28: Bicerano's Book | E28: Single Object | F28: 1 | G28: =F28 | H28: =F28 | I28: =F28 | J28: =F28 | P28: =O28 | Q28: =O28 | R28: =O28 | S28: =O28 | T28: =O28 | U28: =O28 | W28: =V28 | X28: =V28 | Y28: =V28 | Z28: =V28 | AA28: =V28 | AB28: =V28 | AD28: =AC28 | AE28: =AC28 | AF28: =AC28 | AG28: =AC28 | AI28: =AH28 | AJ28: =AI28 | AK28: =AJ28 | AL28: =AK28 | AN28: =AM28 | AO28: =AM28 | AP28: =AO28 | AQ28: =AP28 | AR28: =AQ28 | AS28: =AR28 | AT28: =AS28 | AU28: =AT28 | AW28: =AV28 | AX28: =AW28 | AY28: =AX28 | AZ28: =AY28 | BB28: =BA28 | BC28: =BA28 | BD28: =BA28 | BF28: =BE28 | BG28: =BF28 | BH28: =BG28 | BI28: =BH28 | BJ28: =BI28 | BM28: =BL28 | BN28: =BM28 | BO28: =BN28 | BQ28: =BP28 | BR28: =BQ28 | BS28: =BR28 | BT28: =BS28 | BV28: =BU28 | BX28: =BV28 | BY28: =BV28 | CA28: =BZ28 | CB28: =CA28 | CC28: =CB28 | CE28: =CD28 | CF28: =CE28 | CI28: =CG28 | CJ28: =CH28 | CK28: =CI28 | CM28: =CL28 | CN28: =CM28 | CP28: =CN28 | CR28: =CQ28 | CS28: =CR28 | CT28: =CS28 | CU28: =CT28 | CW28: =CV28 | CX28: =CW28 | CY28: =CX28 | CZ28: =CY28 | DA28: =CZ28 | DB28: =DA28 | DD28: =DC28
A29: {[][<]CC(C)O[>],[<]C(C)CO[>][]} | B29: {[][>]OCC(C)[<],[>]OC(C)C[<][]} | C29: Poly(propylene oxide) | D29: Bicerano's Book | E29: Single Object | G29: =F29 | H29: =F29 | I29: =F29 | J29: =F29 | P29: =O29 | Q29: =O29 | R29: =O29 | S29: =O29 | T29: =O29 | U29: =O29 | W29: =V29 | X29: =V29 | Y29: =V29 | Z29: =V29 | AA29: =V29 | AB29: =V29 | AD29: =AC29 | AE29: =AC29 | AF29: =AC29 | AG29: =AC29 | AI29: =AH29 | AJ29: =AI29 | AK29: =AJ29 | AL29: =AK29 | AN29: =AM29 | AO29: =AM29 | AP29: =AO29 | AQ29: =AP29 | AR29: =AQ29 | AS29: =AR29 | AT29: =AS29 | AU29: =AT29 | AW29: =AV29 | AX29: =AW29 | AY29: =AX29 | AZ29: =AY29 | BB29: =BA29 | BC29: =BA29 | BD29: =BA29 | BF29: =BE29 | BG29: =BF29 | BH29: =BG29 | BI29: =BH29 | BJ29: =BI29 | BM29: =BL29 | BN29: =BM29 | BO29: =BN29 | BQ29: =BP29 | BR29: =BQ29 | BS29: =BR29 | BT29: =BS29 | BV29: =BU29 | BX29: =BV29 | BY29: =BV29 | CA29: =BZ29 | CB29: =CA29 | CC29: =CB29 | CE29: =CD29 | CF29: =CE29 | CI29: =CG29 | CJ29: =CH29 | CK29: =CI29 | CM29: =CL29 | CN29: =CM29 | CP29: =CN29 | CR29: =CQ29 | CS29: =CR29 | CT29: =CS29 | CU29: =CT29 | CW29: =CV29 | CX29: =CW29 | CY29: =CX29 | CZ29: =CY29 | DA29: =CZ29 | DB29: =DA29 | DD29: =DC29
A30: {[][$]CC(OCCCCC)[$][]} | B30: {[][>]CC(OCCCCC)[<],[>]C(OCCCCC)C[<][]} | C30: Poly(vinyl n-pentyl ether) | D30: Bicerano's Book | E30: Single Object | G30: =F30 | H30: =F30 | I30: =F30 | J30: =F30 | P30: =O30 | Q30: =O30 | R30: =O30 | S30: =O30 | T30: =O30 | U30: =O30 | W30: =V30 | X30: =V30 | Y30: =V30 | Z30: =V30 | AA30: =V30 | AB30: =V30 | AD30: =AC30 | AE30: =AC30 | AF30: =AC30 | AG30: =AC30 | AI30: =AH30 | AJ30: =AI30 | AK30: =AJ30 | AL30: =AK30 | AN30: =AM30 | AO30: =AM30 | AP30: =AO30 | AQ30: =AP30 | AR30: =AQ30 | AS30: =AR30 | AT30: =AS30 | AU30: =AT30 | AW30: =AV30 | AX30: =AW30 | AY30: =AX30 | AZ30: =AY30 | BB30: =BA30 | BC30: =BA30 | BD30: =BA30 | BF30: =BE30 | BG30: =BF30 | BH30: =BG30 | BI30: =BH30 | BJ30: =BI30 | BM30: =BL30 | BN30: =BM30 | BO30: =BN30 | BQ30: =BP30 | BR30: =BQ30 | BS30: =BR30 | BT30: =BS30 | BV30: =BU30 | BX30: =BV30 | BY30: =BV30 | CA30: =BZ30 | CB30: =CA30 | CC30: =CB30 | CE30: =CD30 | CF30: =CE30 | CI30: =CG30 | CJ30: =CH30 | CK30: =CI30 | CM30: =CL30 | CN30: =CM30 | CP30: =CN30 | CR30: =CQ30 | CS30: =CR30 | CT30: =CS30 | CU30: =CT30 | CW30: =CV30 | CX30: =CW30 | CY30: =CX30 | CZ30: =CY30 | DA30: =CZ30 | DB30: =DA30 | DD30: =DC30
A31: {[][$]CC(OCC(CC)CCCC)[$][]} | B31: {[][>]CC(OCC(CCCC)CC)[<],[>]C(OCC(CCCC)CC)C[<][]} | C31: Poly(vinyl 2-ethylhexyl ether) | D31: Bicerano's Book | E31: Single Object | G31: =F31 | H31: =F31 | I31: =F31 | J31: =F31 | P31: =O31 | Q31: =O31 | R31: =O31 | S31: =O31 | T31: =O31 | U31: =O31 | W31: =V31 | X31: =V31 | Y31: =V31 | Z31: =V31 | AA31: =V31 | AB31: =V31 | AD31: =AC31 | AE31: =AC31 | AF31: =AC31 | AG31: =AC31 | AI31: =AH31 | AJ31: =AI31 | AK31: =AJ31 | AL31: =AK31 | AN31: =AM31 | AO31: =AM31 | AP31: =AO31 | AQ31: =AP31 | AR31: =AQ31 | AS31: =AR31 | AT31: =AS31 | AU31: =AT31 | AW31: =AV31 | AX31: =AW31 | AY31: =AX31 | AZ31: =AY31 | BB31: =BA31 | BC31: =BA31 | BD31: =BA31 | BF31: =BE31 | BG31: =BF31 | BH31: =BG31 | BI31: =BH31 | BJ31: =BI31 | BM31: =BL31 | BN31: =BM31 | BO31: =BN31 | BQ31: =BP31 | BR31: =BQ31 | BS31: =BR31 | BT31: =BS31 | BV31: =BU31 | BX31: =BV31 | BY31: =BV31 | CA31: =BZ31 | CB31: =CA31 | CC31: =CB31 | CE31: =CD31 | CF31: =CE31 | CI31: =CG31 | CJ31: =CH31 | CK31: =CI31 | CM31: =CL31 | CN31: =CM31 | CP31: =CN31 | CR31: =CQ31 | CS31: =CR31 | CT31: =CS31 | CU31: =CT31 | CW31: =CV31 | CX31: =CW31 | CY31: =CX31 | CZ31: =CY31 | DA31: =CZ31 | DB31: =DA31 | DD31: =DC31
A32: {[][$]CC(C(=O)OCCCCCCCC)[$][]} | B32: {[][>]CC(C(OCCCCCCCC)=O)[<],[>]C(C(OCCCCCCCC)=O)C[<][]} | C32: Poly(n-octyl acrylate) | D32: Bicerano's Book | E32: Single Object | G32: =F32 | H32: =F32 | I32: =F32 | J32: =F32 | P32: =O32 | Q32: =O32 | R32: =O32 | S32: =O32 | T32: =O32 | U32: =O32 | W32: =V32 | X32: =V32 | Y32: =V32 | Z32: =V32 | AA32: =V32 | AB32: =V32 | AD32: =AC32 | AE32: =AC32 | AF32: =AC32 | AG32: =AC32 | AI32: =AH32 | AJ32: =AI32 | AK32: =AJ32 | AL32: =AK32 | AN32: =AM32 | AO32: =AM32 | AP32: =AO32 | AQ32: =AP32 | AR32: =AQ32 | AS32: =AR32 | AT32: =AS32 | AU32: =AT32 | AW32: =AV32 | AX32: =AW32 | AY32: =AX32 | AZ32: =AY32 | BB32: =BA32 | BC32: =BA32 | BD32: =BA32 | BF32: =BE32 | BG32: =BF32 | BH32: =BG32 | BI32: =BH32 | BJ32: =BI32 | BM32: =BL32 | BN32: =BM32 | BO32: =BN32 | BQ32: =BP32 | BR32: =BQ32 | BS32: =BR32 | BT32: =BS32 | BV32: =BU32 | BX32: =BV32 | BY32: =BV32 | CA32: =BZ32 | CB32: =CA32 | CC32: =CB32 | CE32: =CD32 | CF32: =CE32 | CI32: =CG32 | CJ32: =CH32 | CK32: =CI32 | CM32: =CL32 | CN32: =CM32 | CP32: =CN32 | CR32: =CQ32 | CS32: =CR32 | CT32: =CS32 | CU32: =CT32 | CW32: =CV32 | CX32: =CW32 | CY32: =CX32 | CZ32: =CY32 | DA32: =CZ32 | DB32: =DA32 | DD32: =DC32
A33: {[][$]CC(OCCCCCC)[$][]} | B33: {[][>]CC(OCCCCCC)[<],[>]C(OCCCCCC)C[<][]} | C33: Poly(vinyl n-hexyl ether) | D33: Bicerano's Book | E33: Single Object | G33: =F33 | H33: =F33 | I33: =F33 | J33: =F33 | P33: =O33 | Q33: =O33 | R33: =O33 | S33: =O33 | T33: =O33 | U33: =O33 | W33: =V33 | X33: =V33 | Y33: =V33 | Z33: =V33 | AA33: =V33 | AB33: =V33 | AD33: =AC33 | AE33: =AC33 | AF33: =AC33 | AG33: =AC33 | AI33: =AH33 | AJ33: =AI33 | AK33: =AJ33 | AL33: =AK33 | AN33: =AM33 | AO33: =AM33 | AP33: =AO33 | AQ33: =AP33 | AR33: =AQ33 | AS33: =AR33 | AT33: =AS33 | AU33: =AT33 | AW33: =AV33 | AX33: =AW33 | AY33: =AX33 | AZ33: =AY33 | BB33: =BA33 | BC33: =BA33 | BD33: =BA33 | BF33: =BE33 | BG33: =BF33 | BH33: =BG33 | BI33: =BH33 | BJ33: =BI33 | BM33: =BL33 | BN33: =BM33 | BO33: =BN33 | BQ33: =BP33 | BR33: =BQ33 | BS33: =BR33 | BT33: =BS33 | BV33: =BU33 | BX33: =BV33 | BY33: =BV33 | CA33: =BZ33 | CB33: =CA33 | CC33: =CB33 | CE33: =CD33 | CF33: =CE33 | CI33: =CG33 | CJ33: =CH33 | CK33: =CI33 | CM33: =CL33 | CN33: =CM33 | CP33: =CN33 | CR33: =CQ33 | CS33: =CR33 | CT33: =CS33 | CU33: =CT33 | CW33: =CV33 | CX33: =CW33 | CY33: =CX33 | CZ33: =CY33 | DA33: =CZ33 | DB33: =DA33 | DD33: =DC33
A34: {[][<]CC(OC)O[>],[<]C(OC)CO[>][]} | B34: {[][>]OCC(OC)[<],[>]OC(OC)C[<][]} | C34: Poly(3-methoxypropylene oxide) | D34: Bicerano's Book | E34: Single Object | G34: =F34 | H34: =F34 | I34: =F34 | J34: =F34 | P34: =O34 | Q34: =O34 | R34: =O34 | S34: =O34 | T34: =O34 | U34: =O34 | W34: =V34 | X34: =V34 | Y34: =V34 | Z34: =V34 | AA34: =V34 | AB34: =V34 | AD34: =AC34 | AE34: =AC34 | AF34: =AC34 | AG34: =AC34 | AI34: =AH34 | AJ34: =AI34 | AK34: =AJ34 | AL34: =AK34 | AN34: =AM34 | AO34: =AM34 | AP34: =AO34 | AQ34: =AP34 | AR34: =AQ34 | AS34: =AR34 | AT34: =AS34 | AU34: =AT34 | AW34: =AV34 | AX34: =AW34 | AY34: =AX34 | AZ34: =AY34 | BB34: =BA34 | BC34: =BA34 | BD34: =BA34 | BF34: =BE34 | BG34: =BF34 | BH34: =BG34 | BI34: =BH34 | BJ34: =BI34 | BM34: =BL34 | BN34: =BM34 | BO34: =BN34 | BQ34: =BP34 | BR34: =BQ34 | BS34: =BR34 | BT34: =BS34 | BV34: =BU34 | BX34: =BV34 | BY34: =BV34 | CA34: =BZ34 | CB34: =CA34 | CC34: =CB34 | CE34: =CD34 | CF34: =CE34 | CI34: =CG34 | CJ34: =CH34 | CK34: =CI34 | CM34: =CL34 | CN34: =CM34 | CP34: =CN34 | CR34: =CQ34 | CS34: =CR34 | CT34: =CS34 | CU34: =CT34 | CW34: =CV34 | CX34: =CW34 | CY34: =CX34 | CZ34: =CY34 | DA34: =CZ34 | DB34: =DA34 | DD34: =DC34
A35: {[][$]CC=CC(C)[$],[$]CC(C=CC)[$],[$]C(C)C(C=C)[$][]} | B35: {[][>]C(C)C(C=C)[<],[>]C(C=C)C(C)[<],[>]CC=CC(C)[<],[>]C(C)C=CC[<],[>]CC(C=CC)[<],[>]C(C=CC)C[<][]} | C35: Polypentadiene | D35: Bicerano's Book | E35: Single Object | G35: =F35 | H35: =F35 | I35: =F35 | J35: =F35 | P35: =O35 | Q35: =O35 | R35: =O35 | S35: =O35 | T35: =O35 | U35: =O35 | W35: =V35 | X35: =V35 | Y35: =V35 | Z35: =V35 | AA35: =V35 | AB35: =V35 | AD35: =AC35 | AE35: =AC35 | AF35: =AC35 | AG35: =AC35 | AI35: =AH35 | AJ35: =AI35 | AK35: =AJ35 | AL35: =AK35 | AN35: =AM35 | AO35: =AM35 | AP35: =AO35 | AQ35: =AP35 | AR35: =AQ35 | AS35: =AR35 | AT35: =AS35 | AU35: =AT35 | AW35: =AV35 | AX35: =AW35 | AY35: =AX35 | AZ35: =AY35 | BB35: =BA35 | BC35: =BA35 | BD35: =BA35 | BF35: =BE35 | BG35: =BF35 | BH35: =BG35 | BI35: =BH35 | BJ35: =BI35 | BM35: =BL35 | BN35: =BM35 | BO35: =BN35 | BQ35: =BP35 | BR35: =BQ35 | BS35: =BR35 | BT35: =BS35 | BV35: =BU35 | BX35: =BV35 | BY35: =BV35 | CA35: =BZ35 | CB35: =CA35 | CC35: =CB35 | CE35: =CD35 | CF35: =CE35 | CI35: =CG35 | CJ35: =CH35 | CK35: =CI35 | CM35: =CL35 | CN35: =CM35 | CP35: =CN35 | CR35: =CQ35 | CS35: =CR35 | CT35: =CS35 | CU35: =CT35 | CW35: =CV35 | CX35: =CW35 | CY35: =CX35 | CZ35: =CY35 | DA35: =CZ35 | DB35: =DA35 | DD35: =DC35
A36: {[][$]CC(C(=O)OCCCCCCC)[$][]} | B36: {[][>]CC(C(OCCCCCCC)=O)[<],[>]C(C(OCCCCCCC)=O)C[<][]} | C36: Poly(n-heptyl acrylate) | D36: Bicerano's Book | E36: Single Object | G36: =F36 | H36: =F36 | I36: =F36 | J36: =F36 | P36: =O36 | Q36: =O36 | R36: =O36 | S36: =O36 | T36: =O36 | U36: =O36 | W36: =V36 | X36: =V36 | Y36: =V36 | Z36: =V36 | AA36: =V36 | AB36: =V36 | AD36: =AC36 | AE36: =AC36 | AF36: =AC36 | AG36: =AC36 | AI36: =AH36 | AJ36: =AI36 | AK36: =AJ36 | AL36: =AK36 | AN36: =AM36 | AO36: =AM36 | AP36: =AO36 | AQ36: =AP36 | AR36: =AQ36 | AS36: =AR36 | AT36: =AS36 | AU36: =AT36 | AW36: =AV36 | AX36: =AW36 | AY36: =AX36 | AZ36: =AY36 | BB36: =BA36 | BC36: =BA36 | BD36: =BA36 | BF36: =BE36 | BG36: =BF36 | BH36: =BG36 | BI36: =BH36 | BJ36: =BI36 | BM36: =BL36 | BN36: =BM36 | BO36: =BN36 | BQ36: =BP36 | BR36: =BQ36 | BS36: =BR36 | BT36: =BS36 | BV36: =BU36 | BX36: =BV36 | BY36: =BV36 | CA36: =BZ36 | CB36: =CA36 | CC36: =CB36 | CE36: =CD36 | CF36: =CE36 | CI36: =CG36 | CJ36: =CH36 | CK36: =CI36 | CM36: =CL36 | CN36: =CM36 | CP36: =CN36 | CR36: =CQ36 | CS36: =CR36 | CT36: =CS36 | CU36: =CT36 | CW36: =CV36 | CX36: =CW36 | CY36: =CX36 | CZ36: =CY36 | DA36: =CZ36 | DB36: =DA36 | DD36: =DC36
A37: {[][<]OCCCCCC(=O)[>][]} | B37: {[][>]OCCCCCC(=O)[<][]} | C37: Poly(ε-caprolactone) | D37: Bicerano's Book | E37: Single Object | G37: =F37 | H37: =F37 | I37: =F37 | J37: =F37 | P37: =O37 | Q37: =O37 | R37: =O37 | S37: =O37 | T37: =O37 | U37: =O37 | W37: =V37 | X37: =V37 | Y37: =V37 | Z37: =V37 | AA37: =V37 | AB37: =V37 | AD37: =AC37 | AE37: =AC37 | AF37: =AC37 | AG37: =AC37 | AI37: =AH37 | AJ37: =AI37 | AK37: =AJ37 | AL37: =AK37 | AN37: =AM37 | AO37: =AM37 | AP37: =AO37 | AQ37: =AP37 | AR37: =AQ37 | AS37: =AR37 | AT37: =AS37 | AU37: =AT37 | AW37: =AV37 | AX37: =AW37 | AY37: =AX37 | AZ37: =AY37 | BB37: =BA37 | BC37: =BA37 | BD37: =BA37 | BF37: =BE37 | BG37: =BF37 | BH37: =BG37 | BI37: =BH37 | BJ37: =BI37 | BM37: =BL37 | BN37: =BM37 | BO37: =BN37 | BQ37: =BP37 | BR37: =BQ37 | BS37: =BR37 | BT37: =BS37 | BV37: =BU37 | BX37: =BV37 | BY37: =BV37 | CA37: =BZ37 | CB37: =CA37 | CC37: =CB37 | CE37: =CD37 | CF37: =CE37 | CI37: =CG37 | CJ37: =CH37 | CK37: =CI37 | CM37: =CL37 | CN37: =CM37 | CP37: =CN37 | CR37: =CQ37 | CS37: =CR37 | CT37: =CS37 | CU37: =CT37 | CW37: =CV37 | CX37: =CW37 | CY37: =CX37 | CZ37: =CY37 | DA37: =CZ37 | DB37: =DA37 | DD37: =DC37
A38: {[][$]CC(C(=O)OCCCCCCCCC)[$][]} | B38: {[][>]CC(C(OCCCCCCCCC)=O)[<],[>]C(C(OCCCCCCCCC)=O)C[<][]} | C38: Poly(n-nonyl acrylate) | D38: Bicerano's Book | E38: Single Object | G38: =F38 | H38: =F38 | I38: =F38 | J38: =F38 | P38: =O38 | Q38: =O38 | R38: =O38 | S38: =O38 | T38: =O38 | U38: =O38 | W38: =V38 | X38: =V38 | Y38: =V38 | Z38: =V38 | AA38: =V38 | AB38: =V38 | AD38: =AC38 | AE38: =AC38 | AF38: =AC38 | AG38: =AC38 | AI38: =AH38 | AJ38: =AI38 | AK38: =AJ38 | AL38: =AK38 | AN38: =AM38 | AO38: =AM38 | AP38: =AO38 | AQ38: =AP38 | AR38: =AQ38 | AS38: =AR38 | AT38: =AS38 | AU38: =AT38 | AW38: =AV38 | AX38: =AW38 | AY38: =AX38 | AZ38: =AY38 | BB38: =BA38 | BC38: =BA38 | BD38: =BA38 | BF38: =BE38 | BG38: =BF38 | BH38: =BG38 | BI38: =BH38 | BJ38: =BI38 | BM38: =BL38 | BN38: =BM38 | BO38: =BN38 | BQ38: =BP38 | BR38: =BQ38 | BS38: =BR38 | BT38: =BS38 | BV38: =BU38 | BX38: =BV38 | BY38: =BV38 | CA38: =BZ38 | CB38: =CA38 | CC38: =CB38 | CE38: =CD38 | CF38: =CE38 | CI38: =CG38 | CJ38: =CH38 | CK38: =CI38 | CM38: =CL38 | CN38: =CM38 | CP38: =CN38 | CR38: =CQ38 | CS38: =CR38 | CT38: =CS38 | CU38: =CT38 | CW38: =CV38 | CX38: =CW38 | CY38: =CX38 | CZ38: =CY38 | DA38: =CZ38 | DB38: =DA38 | DD38: =DC38
A39: {[][$]CC(C(=O)OCCCCCC)[$][]} | B39: {[][>]CC(C(OCCCCCC)=O)[<],[>]C(C(OCCCCCC)=O)C[<][]} | C39: Poly(n-hexyl acrylate) | D39: Bicerano's Book | E39: Single Object | G39: =F39 | H39: =F39 | I39: =F39 | J39: =F39 | P39: =O39 | Q39: =O39 | R39: =O39 | S39: =O39 | T39: =O39 | U39: =O39 | W39: =V39 | X39: =V39 | Y39: =V39 | Z39: =V39 | AA39: =V39 | AB39: =V39 | AD39: =AC39 | AE39: =AC39 | AF39: =AC39 | AG39: =AC39 | AI39: =AH39 | AJ39: =AI39 | AK39: =AJ39 | AL39: =AK39 | AN39: =AM39 | AO39: =AM39 | AP39: =AO39 | AQ39: =AP39 | AR39: =AQ39 | AS39: =AR39 | AT39: =AS39 | AU39: =AT39 | AW39: =AV39 | AX39: =AW39 | AY39: =AX39 | AZ39: =AY39 | BB39: =BA39 | BC39: =BA39 | BD39: =BA39 | BF39: =BE39 | BG39: =BF39 | BH39: =BG39 | BI39: =BH39 | BJ39: =BI39 | BM39: =BL39 | BN39: =BM39 | BO39: =BN39 | BQ39: =BP39 | BR39: =BQ39 | BS39: =BR39 | BT39: =BS39 | BV39: =BU39 | BX39: =BV39 | BY39: =BV39 | CA39: =BZ39 | CB39: =CA39 | CC39: =CB39 | CE39: =CD39 | CF39: =CE39 | CI39: =CG39 | CJ39: =CH39 | CK39: =CI39 | CM39: =CL39 | CN39: =CM39 | CP39: =CN39 | CR39: =CQ39 | CS39: =CR39 | CT39: =CS39 | CU39: =CT39 | CW39: =CV39 | CX39: =CW39 | CY39: =CX39 | CZ39: =CY39 | DA39: =CZ39 | DB39: =DA39 | DD39: =DC39
A40: {[][<]OCCCCCCCCCCO[<],[>]C(=O)CCCCC(=O)[>][]} | B40: {[][>2]C(=O)CCCCC(=O)[<1],[>3]OCCCCCCCCCCO[<2],[>2]C(=O)CCCCC(=O)[<3],[>3]OCCCCCCCCCCO[<1][]} | C40: Poly(decamethylene adipate) | D40: Bicerano's Book | E40: Single Object | G40: =F40 | H40: =F40 | I40: =F40 | J40: =F40 | P40: =O40 | Q40: =O40 | R40: =O40 | S40: =O40 | T40: =O40 | U40: =O40 | W40: =V40 | X40: =V40 | Y40: =V40 | Z40: =V40 | AA40: =V40 | AB40: =V40 | AD40: =AC40 | AE40: =AC40 | AF40: =AC40 | AG40: =AC40 | AI40: =AH40 | AJ40: =AI40 | AK40: =AJ40 | AL40: =AK40 | AN40: =AM40 | AO40: =AM40 | AP40: =AO40 | AQ40: =AP40 | AR40: =AQ40 | AS40: =AR40 | AT40: =AS40 | AU40: =AT40 | AW40: =AV40 | AX40: =AW40 | AY40: =AX40 | AZ40: =AY40 | BB40: =BA40 | BC40: =BA40 | BD40: =BA40 | BF40: =BE40 | BG40: =BF40 | BH40: =BG40 | BI40: =BH40 | BJ40: =BI40 | BM40: =BL40 | BN40: =BM40 | BO40: =BN40 | BQ40: =BP40 | BR40: =BQ40 | BS40: =BR40 | BT40: =BS40 | BV40: =BU40 | BX40: =BV40 | BY40: =BV40 | CA40: =BZ40 | CB40: =CA40 | CC40: =CB40 | CE40: =CD40 | CF40: =CE40 | CI40: =CG40 | CJ40: =CH40 | CK40: =CI40 | CM40: =CL40 | CN40: =CM40 | CP40: =CN40 | CR40: =CQ40 | CS40: =CR40 | CT40: =CS40 | CU40: =CT40 | CW40: =CV40 | CX40: =CW40 | CY40: =CX40 | CZ40: =CY40 | DA40: =CZ40 | DB40: =DA40 | DD40: =DC40
... A71: {[][$]CC(OCC)[$][]} | B71: {[][>]CC(OCC)[<],[>]C(OCC)C[<][]} | C71: Poly(vinyl ethyl ether) | D71: Bicerano's Book | E71: Single Object | G71: =F71 | H71: =F71 | I71: =F71 | J71: =F71 | P71: =O71 | Q71: =O71 | R71: =O71 | S71: =O71 | T71: =O71 | U71: =O71 | W71: =V71 | X71: =V71 | Y71: =V71 | Z71: =V71 | AA71: =V71 | AB71: =V71 | AD71: =AC71 | AE71: =AC71 | AF71: =AC71 | AG71: =AC71 | AI71: =AH71 | AJ71: =AI71 | AK71: =AJ71 | AL71: =AK71 | AN71: =AM71 | AO71: =AM71 | AP71: =AO71 | AQ71: =AP71 | AR71: =AQ71 | AS71: =AR71 | AT71: =AS71 | AU71: =AT71 | AW71: =AV71 | AX71: =AW71 | AY71: =AX71 | AZ71: =AY71 | BB71: =BA71 | BC71: =BA71 | BD71: =BA71 | BF71: =BE71 | BG71: =BF71 | BH71: =BG71 | BI71: =BH71 | BJ71: =BI71 | BM71: =BL71 | BN71: =BM71 | BO71: =BN71 | BQ71: =BP71 | BR71: =BQ71 | BS71: =BR71 | BT71: =BS71 | BV71: =BU71 | BX71: =BV71 | BY71: =BV71 | CA71: =BZ71 | CB71: =CA71 | CC71: =CB71 | CE71: =CD71 | CF71: =CE71 | CI71: =CG71 | CJ71: =CH71 | CK71: =CI71 | CM71: =CL71 | CN71: =CM71 | CP71: =CN71 | CR71: =CQ71 | CS71: =CR71 | CT71: =CS71 | CU71: =CT71 | CW71: =CV71 | CX71: =CW71 | CY71: =CX71 | CZ71: =CY71 | DA71: =CZ71 | DB71: =DA71 | DD71: =DC71
A72: {[][<]C(C(F)(F)F)OC(F)(F)C(F)(F)C(F)(F)C(F)(F)C(F)(F)OC(F)(C(F)(F)F)c1nc(nc(C)n1)[>][]} | B72: {[][>]c(nc(C)n1)nc1C(F)(C(F)(F)F)OC(F)(F)C(F)(F)C(F)(F)C(F)(F)C(F)(F)OC(C(F)(F)F)[<][]} | C72: Perfluoropolymer | D72: Bicerano's Book | E72: Single Object | G72: =F72 | H72: =F72 | I72: =F72 | J72: =F72 | P72: =O72 | Q72: =O72 | R72: =O72 | S72: =O72 | T72: =O72 | U72: =O72 | W72: =V72 | X72: =V72 | Y72: =V72 | Z72: =V72 | AA72: =V72 | AB72: =V72 | AD72: =AC72 | AE72: =AC72 | AF72: =AC72 | AG72: =AC72 | AI72: =AH72 | AJ72: =AI72 | AK72: =AJ72 | AL72: =AK72 | AN72: =AM72 | AO72: =AM72 | AP72: =AO72 | AQ72: =AP72 | AR72: =AQ72 | AS72: =AR72 | AT72: =AS72 | AU72: =AT72 | AW72: =AV72 | AX72: =AW72 | AY72: =AX72 | AZ72: =AY72 | BB72: =BA72 | BC72: =BA72 | BD72: =BA72 | BF72: =BE72 | BG72: =BF72 | BH72: =BG72 | BI72: =BH72 | BJ72: =BI72 | BM72: =BL72 | BN72: =BM72 | BO72: =BN72 | BQ72: =BP72 | BR72: =BQ72 | BS72: =BR72 | BT72: =BS72 | BV72: =BU72 | BX72: =BV72 | BY72: =BV72 | CA72: =BZ72 | CB72: =CA72 | CC72: =CB72 | CD72: 1 | CE72: =CD72 | CF72: =CE72 | CI72: =CG72 | CJ72: =CH72 | CK72: =CI72 | CM72: =CL72 | CN72: =CM72 | CP72: =CN72 | CR72: =CQ72 | CS72: =CR72 | CT72: =CS72 | CU72: =CT72 | CW72: =CV72 | CX72: =CW72 | CY72: =CX72 | CZ72: =CY72 | DA72: =CZ72 | DB72: =DA72 | DD72: =DC72
A73: {[][$]CC(Cl)(Cl)[$][]} | B73: {[][>]CC(Cl)(Cl)[<],[>]C(Cl)(Cl)C[<][]} | C73: Poly(vinylidene chloride) | D73: Bicerano's Book | E73: Single Object | G73: =F73 | H73: =F73 | I73: =F73 | J73: =F73 | P73: =O73 | Q73: =O73 | R73: =O73 | S73: =O73 | T73: =O73 | U73: =O73 | W73: =V73 | X73: =V73 | Y73: =V73 | Z73: =V73 | AA73: =V73 | AB73: =V73 | AD73: =AC73 | AE73: =AC73 | AF73: =AC73 | AG73: =AC73 | AI73: =AH73 | AJ73: =AI73 | AK73: =AJ73 | AL73: =AK73 | AN73: =AM73 | AO73: =AM73 | AP73: =AO73 | AQ73: =AP73 | AR73: =AQ73 | AS73: =AR73 | AT73: =AS73 | AU73: =AT73 | AW73: =AV73 | AX73: =AW73 | AY73: =AX73 | AZ73: =AY73 | BB73: =BA73 | BC73: =BA73 | BD73: =BA73 | BF73: =BE73 | BG73: =BF73 | BH73: =BG73 | BI73: =BH73 | BJ73: =BI73 | BM73: =BL73 | BN73: =BM73 | BO73: =BN73 | BQ73: =BP73 | BR73: =BQ73 | BS73: =BR73 | BT73: =BS73 | BV73: =BU73 | BX73: =BV73 | BY73: =BV73 | CA73: =BZ73 | CB73: =CA73 | CC73: =CB73 | CE73: =CD73 | CF73: =CE73 | CI73: =CG73 | CJ73: =CH73 | CK73: =CI73 | CM73: =CL73 | CN73: =CM73 | CP73: =CN73 | CR73: =CQ73 | CS73: =CR73 | CT73: =CS73 | CU73: =CT73 | CW73: =CV73 | CX73: =CW73 | CY73: =CX73 | CZ73: =CY73 | DA73: =CZ73 | DB73: =DA73 | DD73: =DC73
A74: {[][$]CC(C(=O)OC(CC)CC)[$][]} | B74: {[][>]CC(C(OC(CC)CC)=O)[<],[>]C(C(OC(CC)CC)=O)C[<][]} | C74: Poly(3-pentyl acrylate) | D74: Bicerano's Book | E74: Single Object | G74: =F74 | H74: =F74 | I74: =F74 | J74: =F74 | P74: =O74 | Q74: =O74 | R74: =O74 | S74: =O74 | T74: =O74 | U74: =O74 | W74: =V74 | X74: =V74 | Y74: =V74 | Z74: =V74 | AA74: =V74 | AB74: =V74 | AD74: =AC74 | AE74: =AC74 | AF74: =AC74 | AG74: =AC74 | AI74: =AH74 | AJ74: =AI74 | AK74: =AJ74 | AL74: =AK74 | AN74: =AM74 | AO74: =AM74 | AP74: =AO74 | AQ74: =AP74 | AR74: =AQ74 | AS74: =AR74 | AT74: =AS74 | AU74: =AT74 | AW74: =AV74 | AX74: =AW74 | AY74: =AX74 | AZ74: =AY74 | BB74: =BA74 | BC74: =BA74 | BD74: =BA74 | BF74: =BE74 | BG74: =BF74 | BH74: =BG74 | BI74: =BH74 | BJ74: =BI74 | BM74: =BL74 | BN74: =BM74 | BO74: =BN74 | BQ74: =BP74 | BR74: =BQ74 | BS74: =BR74 | BT74: =BS74 | BV74: =BU74 | BX74: =BV74 | BY74: =BV74 | CA74: =BZ74 | CB74: =CA74 | CC74: =CB74 | CE74: =CD74 | CF74: =CE74 | CI74: =CG74 | CJ74: =CH74 | CK74: =CI74 | CM74: =CL74 | CN74: =CM74 | CP74: =CN74 | CR74: =CQ74 | CS74: =CR74 | CT74: =CS74 | CU74: =CT74 | CW74: =CV74 | CX74: =CW74 | CY74: =CX74 | CZ74: =CY74 | DA74: =CZ74 | DB74: =DA74 | DD74: =DC74
A75: {[][$]CC(CCC(C)C)[$][]} | B75: {[][>]CC(CCC(C)C)[<],[>]C(CCC(C)C)C[<][]} | C75: Poly(5-methyl-1-hexene) | D75: Bicerano's Book | E75: Single Object | G75: =F75 | H75: =F75 | I75: =F75 | J75: =F75 | P75: =O75 | Q75: =O75 | R75: =O75 | S75: =O75 | T75: =O75 | U75: =O75 | W75: =V75 | X75: =V75 | Y75: =V75 | Z75: =V75 | AA75: =V75 | AB75: =V75 | AD75: =AC75 | AE75: =AC75 | AF75: =AC75 | AG75: =AC75 | AI75: =AH75 | AJ75: =AI75 | AK75: =AJ75 | AL75: =AK75 | AN75: =AM75 | AO75: =AM75 | AP75: =AO75 | AQ75: =AP75 | AR75: =AQ75 | AS75: =AR75 | AT75: =AS75 | AU75: =AT75 | AW75: =AV75 | AX75: =AW75 | AY75: =AX75 | AZ75: =AY75 | BB75: =BA75 | BC75: =BA75 | BD75: =BA75 | BF75: =BE75 | BG75: =BF75 | BH75: =BG75 | BI75: =BH75 | BJ75: =BI75 | BM75: =BL75 | BN75: =BM75 | BO75: =BN75 | BQ75: =BP75 | BR75: =BQ75 | BS75: =BR75 | BT75: =BS75 | BV75: =BU75 | BX75: =BV75 | BY75: =BV75 | CA75: =BZ75 | CB75: =CA75 | CC75: =CB75 | CE75: =CD75 | CF75: =CE75 | CI75: =CG75 | CJ75: =CH75 | CK75: =CI75 | CM75: =CL75 | CN75: =CM75 | CP75: =CN75 | CR75: =CQ75 | CS75: =CR75 | CT75: =CS75 | CU75: =CT75 | CW75: =CV75 | CX75: =CW75 | CY75: =CX75 | CZ75: =CY75 | DA75: =CZ75 | DB75: =DA75 | DD75: =DC75
A76: {[][<]C(C(F)(F)F)OC(F)(F)C(F)(F)C(F)(F)C(F)(F)C(F)(F)C(F)(F)C(F)(F)OC(C(F)(F)F)c1nc(nc(C(F)(F)F)n1)[>][]} | B76: {[][>]c(nc(C(F)(F)F)n1)nc1C(C(F)(F)F)OC(F)(F)C(F)(F)C(F)(F)C(F)(F)C(F)(F)C(F)(F)C(F)(F)OC(C(F)(F)F)[<][]} | C76: Perfluoropolymer | D76: Bicerano's Book | E76: Single Object | G76: =F76 | H76: =F76 | I76: =F76 | J76: =F76 | P76: =O76 | Q76: =O76 | R76: =O76 | S76: =O76 | T76: =O76 | U76: =O76 | W76: =V76 | X76: =V76 | Y76: =V76 | Z76: =V76 | AA76: =V76 | AB76: =V76 | AD76: =AC76 | AE76: =AC76 | AF76: =AC76 | AG76: =AC76 | AI76: =AH76 | AJ76: =AI76 | AK76: =AJ76 | AL76: =AK76 | AN76: =AM76 | AO76: =AM76 | AP76: =AO76 | AQ76: =AP76 | AR76: =AQ76 | AS76: =AR76 | AT76: =AS76 | AU76: =AT76 | AW76: =AV76 | AX76: =AW76 | AY76: =AX76 | AZ76: =AY76 | BB76: =BA76 | BC76: =BA76 | BD76: =BA76 | BF76: =BE76 | BG76: =BF76 | BH76: =BG76 | BI76: =BH76 | BJ76: =BI76 | BM76: =BL76 | BN76: =BM76 | BO76: =BN76 | BQ76: =BP76 | BR76: =BQ76 | BS76: =BR76 | BT76: =BS76 | BV76: =BU76 | BX76: =BV76 | BY76: =BV76 | CA76: =BZ76 | CB76: =CA76 | CC76: =CB76 | CE76: =CD76 | CF76: =CE76 | CI76: =CG76 | CJ76: =CH76 | CK76: =CI76 | CM76: =CL76 | CN76: =CM76 | CP76: =CN76 | CR76: =CQ76 | CS76: =CR76 | CT76: =CS76 | CU76: =CT76 | CW76: =CV76 | CX76: =CW76 | CY76: =CX76 | CZ76: =CY76 | DA76: =CZ76 | DB76: =DA76 | DD76: =DC76
A77: {[][<]CC(CCl)(CCl)CO[>][]} | B77: {[][>]OCC(CCl)(CCl)C[<][]} | C77: Poly(oxy-2,2-dichloromethyltrimethylene) | D77: Bicerano's Book | E77: Single Object | G77: =F77 | H77: =F77 | I77: =F77 | J77: =F77 | P77: =O77 | Q77: =O77 | R77: =O77 | S77: =O77 | T77: =O77 | U77: =O77 | W77: =V77 | X77: =V77 | Y77: =V77 | Z77: =V77 | AA77: =V77 | AB77: =V77 | AD77: =AC77 | AE77: =AC77 | AF77: =AC77 | AG77: =AC77 | AI77: =AH77 | AJ77: =AI77 | AK77: =AJ77 | AL77: =AK77 | AN77: =AM77 | AO77: =AM77 | AP77: =AO77 | AQ77: =AP77 | AR77: =AQ77 | AS77: =AR77 | AT77: =AS77 | AU77: =AT77 | AW77: =AV77 | AX77: =AW77 | AY77: =AX77 | AZ77: =AY77 | BB77: =BA77 | BC77: =BA77 | BD77: =BA77 | BF77: =BE77 | BG77: =BF77 | BH77: =BG77 | BI77: =BH77 | BJ77: =BI77 | BM77: =BL77 | BN77: =BM77 | BO77: =BN77 | BQ77: =BP77 | BR77: =BQ77 | BS77: =BR77 | BT77: =BS77 | BV77: =BU77 | BX77: =BV77 | BY77: =BV77 | CA77: =BZ77 | CB77: =CA77 | CC77: =CB77 | CE77: =CD77 | CF77: =CE77 | CI77: =CG77 | CJ77: =CH77 | CK77: =CI77 | CM77: =CL77 | CN77: =CM77 | CP77: =CN77 | CR77: =CQ77 | CS77: =CR77 | CT77: =CS77 | CU77: =CT77 | CW77: =CV77 | CX77: =CW77 | CY77: =CX77 | CZ77: =CY77 | DA77: =CZ77 | DB77: =DA77 | DD77: =DC77
A78: {[][<]CCC[Si](C)(c1ccc(N(C)C)cc1)[>][]} | B78: {[][>][Si](C)(c(cc1)ccc1N(C)C)CCC[<][]} | C78: Poly[(4-dimethylaminophenyl)methylsilylenetrimethylene] | D78: Bicerano's Book | E78: Single Object | G78: =F78 | H78: =F78 | I78: =F78 | J78: =F78 | P78: =O78 | Q78: =O78 | R78: =O78 | S78: =O78 | T78: =O78 | U78: =O78 | W78: =V78 | X78: =V78 | Y78: =V78 | Z78: =V78 | AA78: =V78 | AB78: =V78 | AD78: =AC78 | AE78: =AC78 | AF78: =AC78 | AG78: =AC78 | AI78: =AH78 | AJ78: =AI78 | AK78: =AJ78 | AL78: =AK78 | AN78: =AM78 | AO78: =AM78 | AP78: =AO78 | AQ78: =AP78 | AR78: =AQ78 | AS78: =AR78 | AT78: =AS78 | AU78: =AT78 | AW78: =AV78 | AX78: =AW78 | AY78: =AX78 | AZ78: =AY78 | BB78: =BA78 | BC78: =BA78 | BD78: =BA78 | BF78: =BE78 | BG78: =BF78 | BH78: =BG78 | BI78: =BH78 | BJ78: =BI78 | BM78: =BL78 | BN78: =BM78 | BO78: =BN78 | BQ78: =BP78 | BR78: =BQ78 | BS78: =BR78 | BT78: =BS78 | BV78: =BU78 | BX78: =BV78 | BY78: =BV78 | CA78: =BZ78 | CB78: =CA78 | CC78: =CB78 | CE78: =CD78 | CF78: =CE78 | CI78: =CG78 | CJ78: =CH78 | CK78: =CI78 | CM78: =CL78 | CN78: =CM78 | CP78: =CN78 | CR78: =CQ78 | CS78: =CR78 | CT78: =CS78 | CU78: =CT78 | CW78: =CV78 | CX78: =CW78 | CY78: =CX78 | CZ78: =CY78 | DA78: =CZ78 | DB78: =DA78 | DD78: =DC78
A79: {[][$]CC(C)(C(=O)OCCCCCC)[$][]} | B79: {[][>]CC(C)(C(OCCCCCC)=O)[<],[>]C(C)(C(OCCCCCC)=O)C[<][]} | C79: Poly(n-hexyl methacrylate) | D79: Bicerano's Book | E79: Single Object | G79: =F79 | H79: =F79 | I79: =F79 | J79: =F79 | P79: =O79 | Q79: =O79 | R79: =O79 | S79: =O79 | T79: =O79 | U79: =O79 | W79: =V79 | X79: =V79 | Y79: =V79 | Z79: =V79 | AA79: =V79 | AB79: =V79 | AD79: =AC79 | AE79: =AC79 | AF79: =AC79 | AG79: =AC79 | AI79: =AH79 | AJ79: =AI79 | AK79: =AJ79 | AL79: =AK79 | AN79: =AM79 | AO79: =AM79 | AP79: =AO79 | AQ79: =AP79 | AR79: =AQ79 | AS79: =AR79 | AT79: =AS79 | AU79: =AT79 | AW79: =AV79 | AX79: =AW79 | AY79: =AX79 | AZ79: =AY79 | BB79: =BA79 | BC79: =BA79 | BD79: =BA79 | BF79: =BE79 | BG79: =BF79 | BH79: =BG79 | BI79: =BH79 | BJ79: =BI79 | BM79: =BL79 | BN79: =BM79 | BO79: =BN79 | BQ79: =BP79 | BR79: =BQ79 | BS79: =BR79 | BT79: =BS79 | BV79: =BU79 | BX79: =BV79 | BY79: =BV79 | CA79: =BZ79 | CB79: =CA79 | CC79: =CB79 | CE79: =CD79 | CF79: =CE79 | CI79: =CG79 | CJ79: =CH79 | CK79: =CI79 | CM79: =CL79 | CN79: =CM79 | CP79: =CN79 | CR79: =CQ79 | CS79: =CR79 | CT79: =CS79 | CU79: =CT79 | CW79: =CV79 | CX79: =CW79 | CY79: =CX79 | CZ79: =CY79 | DA79: =CZ79 | DB79: =DA79 | DD79: =DC79
A80: {[][$]CC(C=C)[$][]} | B80: {[][>]CC(C=C)[<],[>]C(C=C)C[<][]} | C80: Poly(1,2-butadiene) | D80: Bicerano's Book | E80: Single Object | G80: =F80 | H80: =F80 | I80: =F80 | J80: =F80 | P80: =O80 | Q80: =O80 | R80: =O80 | S80: =O80 | T80: =O80 | U80: =O80 | W80: =V80 | X80: =V80 | Y80: =V80 | Z80: =V80 | AA80: =V80 | AB80: =V80 | AD80: =AC80 | AE80: =AC80 | AF80: =AC80 | AG80: =AC80 | AI80: =AH80 | AJ80: =AI80 | AK80: =AJ80 | AL80: =AK80 | AN80: =AM80 | AO80: =AM80 | AP80: =AO80 | AQ80: =AP80 | AR80: =AQ80 | AS80: =AR80 | AT80: =AS80 | AU80: =AT80 | AW80: =AV80 | AX80: =AW80 | AY80: =AX80 | AZ80: =AY80 | BB80: =BA80 | BC80: =BA80 | BD80: =BA80 | BF80: =BE80 | BG80: =BF80 | BH80: =BG80 | BI80: =BH80 | BJ80: =BI80 | BM80: =BL80 | BN80: =BM80 | BO80: =BN80 | BQ80: =BP80 | BR80: =BQ80 | BS80: =BR80 | BT80: =BS80 | BV80: =BU80 | BX80: =BV80 | BY80: =BV80 | CA80: =BZ80 | CB80: =CA80 | CC80: =CB80 | CE80: =CD80 | CF80: =CE80 | CI80: =CG80 | CJ80: =CH80 | CK80: =CI80 | CM80: =CL80 | CN80: =CM80 | CP80: =CN80 | CR80: =CQ80 | CS80: =CR80 | CT80: =CS80 | CU80: =CT80 | CW80: =CV80 | CX80: =CW80 | CY80: =CX80 | CZ80: =CY80 | DA80: =CZ80 | DB80: =DA80 | DD80: =DC80
A81: {[][$]CC(OC(C)C)[$][]} | B81: {[][>]CC(OC(C)C)[<],[>]C(OC(C)C)C[<][]} | C81: Poly(vinyl isopropyl ether) | D81: Bicerano's Book | E81: Single Object | G81: =F81 | H81: =F81 | I81: =F81 | J81: =F81 | P81: =O81 | Q81: =O81 | R81: =O81 | S81: =O81 | T81: =O81 | U81: =O81 | W81: =V81 | X81: =V81 | Y81: =V81 | Z81: =V81 | AA81: =V81 | AB81: =V81 | AD81: =AC81 | AE81: =AC81 | AF81: =AC81 | AG81: =AC81 | AI81: =AH81 | AJ81: =AI81 | AK81: =AJ81 | AL81: =AK81 | AN81: =AM81 | AO81: =AM81 | AP81: =AO81 | AQ81: =AP81 | AR81: =AQ81 | AS81: =AR81 | AT81: =AS81 | AU81: =AT81 | AW81: =AV81 | AX81: =AW81 | AY81: =AX81 | AZ81: =AY81 | BB81: =BA81 | BC81: =BA81 | BD81: =BA81 | BF81: =BE81 | BG81: =BF81 | BH81: =BG81 | BI81: =BH81 | BJ81: =BI81 | BM81: =BL81 | BN81: =BM81 | BO81: =BN81 | BQ81: =BP81 | BR81: =BQ81 | BS81: =BR81 | BT81: =BS81 | BV81: =BU81 | BX81: =BV81 | BY81: =BV81 | CA81: =BZ81 | CB81: =CA81 | CC81: =CB81 | CE81: =CD81 | CF81: =CE81 | CI81: =CG81 | CJ81: =CH81 | CK81: =CI81 | CM81: =CL81 | CN81: =CM81 | CP81: =CN81 | CR81: =CQ81 | CS81: =CR81 | CT81: =CS81 | CU81: =CT81 | CW81: =CV81 | CX81: =CW81 | CY81: =CX81 | CZ81: =CY81 | DA81: =CZ81 | DB81: =DA81 | DD81: =DC81
A82: {[][<]OCCO[<],[>]C(=O)CCC(=O)[>][]} | B82: {[][>2]OCCO[<1],[>3]C(=O)CCC(=O)[<2],[>2]OCCO[<3],[>3]C(=O)CCC(=O)[<1][]} | C82: Poly(ethylene succinate) | D82: Bicerano's Book | E82: Single Object | G82: =F82 | H82: =F82 | I82: =F82 | J82: =F82 | P82: =O82 | Q82: =O82 | R82: =O82 | S82: =O82 | T82: =O82 | U82: =O82 | W82: =V82 | X82: =V82 | Y82: =V82 | Z82: =V82 | AA82: =V82 | AB82: =V82 | AD82: =AC82 | AE82: =AC82 | AF82: =AC82 | AG82: =AC82 | AI82: =AH82 | AJ82: =AI82 | AK82: =AJ82 | AL82: =AK82 | AN82: =AM82 | AO82: =AM82 | AP82: =AO82 | AQ82: =AP82 | AR82: =AQ82 | AS82: =AR82 | AT82: =AS82 | AU82: =AT82 | AW82: =AV82 | AX82: =AW82 | AY82: =AX82 | AZ82: =AY82 | BB82: =BA82 | BC82: =BA82 | BD82: =BA82 | BF82: =BE82 | BG82: =BF82 | BH82: =BG82 | BI82: =BH82 | BJ82: =BI82 | BM82: =BL82 | BN82: =BM82 | BO82: =BN82 | BQ82: =BP82 | BR82: =BQ82 | BS82: =BR82 | BT82: =BS82 | BV82: =BU82 | BX82: =BV82 | BY82: =BV82 | CA82: =BZ82 | CB82: =CA82 | CC82: =CB82 | CE82: =CD82 | CF82: =CE82 | CG82: 1 | CI82: =CG82 | CJ82: =CH82 | CK82: =CI82 | CM82: =CL82 | CN82: =CM82 | CP82: =CN82 | CR82: =CQ82 | CS82: =CR82 | CT82: =CS82 | CU82: =CT82 | CW82: =CV82 | CX82: =CW82 | CY82: =CX82 | CZ82: =CY82 | DA82: =CZ82 | DB82: =DA82 | DD82: =DC82
A83: {[][$]CC(SC)[$][]} | B83: {[][>]CC(SC)[<],[>]C(SC)C[<][]} | C83: Poly(vinyl methyl sulfide) | D83: Bicerano's Book | E83: Single Object | G83: =F83 | H83: =F83 | I83: =F83 | J83: =F83 | P83: =O83 | Q83: =O83 | R83: =O83 | S83: =O83 | T83: =O83 | U83: =O83 | W83: =V83 | X83: =V83 | Y83: =V83 | Z83: =V83 | AA83: =V83 | AB83: =V83 | AD83: =AC83 | AE83: =AC83 | AF83: =AC83 | AG83: =AC83 | AI83: =AH83 | AJ83: =AI83 | AK83: =AJ83 | AL83: =AK83 | AN83: =AM83 | AO83: =AM83 | AP83: =AO83 | AQ83: =AP83 | AR83: =AQ83 | AS83: =AR83 | AT83: =AS83 | AU83: =AT83 | AW83: =AV83 | AX83: =AW83 | AY83: =AX83 | AZ83: =AY83 | BB83: =BA83 | BC83: =BA83 | BD83: =BA83 | BF83: =BE83 | BG83: =BF83 | BH83: =BG83 | BI83: =BH83 | BJ83: =BI83 | BM83: =BL83 | BN83: =BM83 | BO83: =BN83 | BQ83: =BP83 | BR83: =BQ83 | BS83: =BR83 | BT83: =BS83 | BV83: =BU83 | BX83: =BV83 | BY83: =BV83 | CA83: =BZ83 | CB83: =CA83 | CC83: =CB83 | CE83: =CD83 | CF83: =CE83 | CI83: =CG83 | CJ83: =CH83 | CK83: =CI83 | CM83: =CL83 | CN83: =CM83 | CP83: =CN83 | CR83: =CQ83 | CS83: =CR83 | CT83: =CS83 | CU83: =CT83 | CW83: =CV83 | CX83: =CW83 | CY83: =CX83 | CZ83: =CY83 | DA83: =CZ83 | DB83: =DA83 | DD83: =DC83
A84: {[][<][Si](c1ccccc1)(c1ccccc1)O[Si](C)(C)c1ccc(cc1)[Si](C)(C)O[>][]} | B84: {[][>][Si](c(cc2)ccc2)(c(cc2)ccc2)O[Si](C)(C)c(cc1)ccc1[Si](C)(C)O[<][]} | C84: Poly(oxydiphenylsilylene oxydimethylsilylene-1,4- phenylenedimethylsilylene) | D84: Bicerano's Book | E84: Single Object | G84: =F84 | H84: =F84 | I84: =F84 | J84: =F84 | P84: =O84 | Q84: =O84 | R84: =O84 | S84: =O84 | T84: =O84 | U84: =O84 | W84: =V84 | X84: =V84 | Y84: =V84 | Z84: =V84 | AA84: =V84 | AB84: =V84 | AD84: =AC84 | AE84: =AC84 | AF84: =AC84 | AG84: =AC84 | AI84: =AH84 | AJ84: =AI84 | AK84: =AJ84 | AL84: =AK84 | AN84: =AM84 | AO84: =AM84 | AP84: =AO84 | AQ84: =AP84 | AR84: =AQ84 | AS84: =AR84 | AT84: =AS84 | AU84: =AT84 | AW84: =AV84 | AX84: =AW84 | AY84: =AX84 | AZ84: =AY84 | BB84: =BA84 | BC84: =BA84 | BD84: =BA84 | BF84: =BE84 | BG84: =BF84 | BH84: =BG84 | BI84: =BH84 | BJ84: =BI84 | BM84: =BL84 | BN84: =BM84 | BO84: =BN84 | BQ84: =BP84 | BR84: =BQ84 | BS84: =BR84 | BT84: =BS84 | BV84: =BU84 | BX84: =BV84 | BY84: =BV84 | CA84: =BZ84 | CB84: =CA84 | CC84: =CB84 | CE84: =CD84 | CF84: =CE84 | CI84: =CG84 | CJ84: =CH84 | CK84: =CI84 | CM84: =CL84 | CN84: =CM84 | CP84: =CN84 | CR84: =CQ84 | CS84: =CR84 | CT84: =CS84 | CU84: =CT84 | CW84: =CV84 | CX84: =CW84 | CY84: =CX84 | CZ84: =CY84 | DA84: =CZ84 | DB84: =DA84 | DD84: =DC84
A85: {[][$]CC(OC(=O)CCC)[$][]} | B85: {[][>]CC(OC(CCC)=O)[<],[>]C(OC(CCC)=O)C[<][]} | C85: Poly(vinyl butyrate) | D85: Bicerano's Book | E85: Single Object | G85: =F85 | H85: =F85 | I85: =F85 | J85: =F85 | P85: =O85 | Q85: =O85 | R85: =O85 | S85: =O85 | T85: =O85 | U85: =O85 | W85: =V85 | X85: =V85 | Y85: =V85 | Z85: =V85 | AA85: =V85 | AB85: =V85 | AD85: =AC85 | AE85: =AC85 | AF85: =AC85 | AG85: =AC85 | AI85: =AH85 | AJ85: =AI85 | AK85: =AJ85 | AL85: =AK85 | AN85: =AM85 | AO85: =AM85 | AP85: =AO85 | AQ85: =AP85 | AR85: =AQ85 | AS85: =AR85 | AT85: =AS85 | AU85: =AT85 | AW85: =AV85 | AX85: =AW85 | AY85: =AX85 | AZ85: =AY85 | BB85: =BA85 | BC85: =BA85 | BD85: =BA85 | BF85: =BE85 | BG85: =BF85 | BH85: =BG85 | BI85: =BH85 | BJ85: =BI85 | BM85: =BL85 | BN85: =BM85 | BO85: =BN85 | BQ85: =BP85 | BR85: =BQ85 | BS85: =BR85 | BT85: =BS85 | BV85: =BU85 | BX85: =BV85 | BY85: =BV85 | CA85: =BZ85 | CB85: =CA85 | CC85: =CB85 | CE85: =CD85 | CF85: =CE85 | CI85: =CG85 | CJ85: =CH85 | CK85: =CI85 | CM85: =CL85 | CN85: =CM85 | CP85: =CN85 | CR85: =CQ85 | CS85: =CR85 | CT85: =CS85 | CU85: =CT85 | CW85: =CV85 | CX85: =CW85 | CY85: =CX85 | CZ85: =CY85 | DA85: =CZ85 | DB85: =DA85 | DD85: =DC85
A86: {[][$]CC(c1ccc(COCCCCCC)cc1)[$][]} | B86: {[][>]CC(c(cc2)ccc2COCCCCCC)[<],[>]C(c(cc1)ccc1COCCCCCC)C[<][]} | C86: Poly(p-n-hexoxymethyl styrene) | D86: Bicerano's Book | E86: Single Object | G86: =F86 | H86: =F86 | I86: =F86 | J86: =F86 | P86: =O86 | Q86: =O86 | R86: =O86 | S86: =O86 | T86: =O86 | U86: =O86 | W86: =V86 | X86: =V86 | Y86: =V86 | Z86: =V86 | AA86: =V86 | AB86: =V86 | AD86: =AC86 | AE86: =AC86 | AF86: =AC86 | AG86: =AC86 | AI86: =AH86 | AJ86: =AI86 | AK86: =AJ86 | AL86: =AK86 | AN86: =AM86 | AO86: =AM86 | AP86: =AO86 | AQ86: =AP86 | AR86: =AQ86 | AS86: =AR86 | AT86: =AS86 | AU86: =AT86 | AW86: =AV86 | AX86: =AW86 | AY86: =AX86 | AZ86: =AY86 | BB86: =BA86 | BC86: =BA86 | BD86: =BA86 | BF86: =BE86 | BG86: =BF86 | BH86: =BG86 | BI86: =BH86 | BJ86: =BI86 | BM86: =BL86 | BN86: =BM86 | BO86: =BN86 | BQ86: =BP86 | BR86: =BQ86 | BS86: =BR86 | BT86: =BS86 | BV86: =BU86 | BX86: =BV86 | BY86: =BV86 | CA86: =BZ86 | CB86: =CA86 | CC86: =CB86 | CE86: =CD86 | CF86: =CE86 | CI86: =CG86 | CJ86: =CH86 | CK86: =CI86 | CM86: =CL86 | CN86: =CM86 | CP86: =CN86 | CR86: =CQ86 | CS86: =CR86 | CT86: =CS86 | CU86: =CT86 | CW86: =CV86 | CX86: =CW86 | CY86: =CX86 | CZ86: =CY86 | DA86: =CZ86 | DB86: =DA86 | DD86: =DC86
A87: {[][$]CC(c1ccc(CCCC)cc1)[$][]} | B87: {[][>]CC(c(cc2)ccc2CCCC)[<],[>]C(c(cc1)ccc1CCCC)C[<][]} | C87: Poly(p-n-butyl styrene) | D87: Bicerano's Book | E87: Single Object | G87: =F87 | H87: =F87 | I87: =F87 | J87: =F87 | P87: =O87 | Q87: =O87 | R87: =O87 | S87: =O87 | T87: =O87 | U87: =O87 | W87: =V87 | X87: =V87 | Y87: =V87 | Z87: =V87 | AA87: =V87 | AB87: =V87 | AD87: =AC87 | AE87: =AC87 | AF87: =AC87 | AG87: =AC87 | AI87: =AH87 | AJ87: =AI87 | AK87: =AJ87 | AL87: =AK87 | AN87: =AM87 | AO87: =AM87 | AP87: =AO87 | AQ87: =AP87 | AR87: =AQ87 | AS87: =AR87 | AT87: =AS87 | AU87: =AT87 | AW87: =AV87 | AX87: =AW87 | AY87: =AX87 | AZ87: =AY87 | BB87: =BA87 | BC87: =BA87 | BD87: =BA87 | BF87: =BE87 | BG87: =BF87 | BH87: =BG87 | BI87: =BH87 | BJ87: =BI87 | BM87: =BL87 | BN87: =BM87 | BO87: =BN87 | BQ87: =BP87 | BR87: =BQ87 | BS87: =BR87 | BT87: =BS87 | BV87: =BU87 | BX87: =BV87 | BY87: =BV87 | CA87: =BZ87 | CB87: =CA87 | CC87: =CB87 | CE87: =CD87 | CF87: =CE87 | CI87: =CG87 | CJ87: =CH87 | CK87: =CI87 | CM87: =CL87 | CN87: =CM87 | CP87: =CN87 | CR87: =CQ87 | CS87: =CR87 | CT87: =CS87 | CU87: =CT87 | CW87: =CV87 | CX87: =CW87 | CY87: =CX87 | CZ87: =CY87 | DA87: =CZ87 | DB87: =DA87 | DD87: =DC87
A88: {[][$]CC(C(=O)OC)[$][]} | B88: {[][>]CC(C(OC)=O)[<],[>]C(C(OC)=O)C[<][]} | C88: Poly(methyl acrylate) | D88: Bicerano's Book | E88: Single Object | G88: =F88 | H88: =F88 | I88: =F88 | J88: =F88 | P88: =O88 | Q88: =O88 | R88: =O88 | S88: =O88 | T88: =O88 | U88: =O88 | W88: =V88 | X88: =V88 | Y88: =V88 | Z88: =V88 | AA88: =V88 | AB88: =V88 | AD88: =AC88 | AE88: =AC88 | AF88: =AC88 | AG88: =AC88 | AI88: =AH88 | AJ88: =AI88 | AK88: =AJ88 | AL88: =AK88 | AN88: =AM88 | AO88: =AM88 | AP88: =AO88 | AQ88: =AP88 | AR88: =AQ88 | AS88: =AR88 | AT88: =AS88 | AU88: =AT88 | AW88: =AV88 | AX88: =AW88 | AY88: =AX88 | AZ88: =AY88 | BB88: =BA88 | BC88: =BA88 | BD88: =BA88 | BF88: =BE88 | BG88: =BF88 | BH88: =BG88 | BI88: =BH88 | BJ88: =BI88 | BM88: =BL88 | BN88: =BM88 | BO88: =BN88 | BQ88: =BP88 | BR88: =BQ88 | BS88: =BR88 | BT88: =BS88 | BV88: =BU88 | BX88: =BV88 | BY88: =BV88 | CA88: =BZ88 | CB88: =CA88 | CC88: =CB88 | CE88: =CD88 | CF88: =CE88 | CI88: =CG88 | CJ88: =CH88 | CK88: =CI88 | CM88: =CL88 | CN88: =CM88 | CP88: =CN88 | CR88: =CQ88 | CS88: =CR88 | CT88: =CS88 | CU88: =CT88 | CW88: =CV88 | CX88: =CW88 | CY88: =CX88 | CZ88: =CY88 | DA88: =CZ88 | DB88: =DA88 | DD88: =DC88
A89: {[][$]CC(OC(=O)CC)[$][]} | B89: {[][>]CC(OC(CC)=O)[<],[>]C(OC(CC)=O)C[<][]} | C89: Poly(vinyl propionate) | D89: Bicerano's Book | E89: Single Object | G89: =F89 | H89: =F89 | I89: =F89 | J89: =F89 | P89: =O89 | Q89: =O89 | R89: =O89 | S89: =O89 | T89: =O89 | U89: =O89 | W89: =V89 | X89: =V89 | Y89: =V89 | Z89: =V89 | AA89: =V89 | AB89: =V89 | AD89: =AC89 | AE89: =AC89 | AF89: =AC89 | AG89: =AC89 | AI89: =AH89 | AJ89: =AI89 | AK89: =AJ89 | AL89: =AK89 | AN89: =AM89 | AO89: =AM89 | AP89: =AO89 | AQ89: =AP89 | AR89: =AQ89 | AS89: =AR89 | AT89: =AS89 | AU89: =AT89 | AW89: =AV89 | AX89: =AW89 | AY89: =AX89 | AZ89: =AY89 | BB89: =BA89 | BC89: =BA89 | BD89: =BA89 | BF89: =BE89 | BG89: =BF89 | BH89: =BG89 | BI89: =BH89 | BJ89: =BI89 | BM89: =BL89 | BN89: =BM89 | BO89: =BN89 | BQ89: =BP89 | BR89: =BQ89 | BS89: =BR89 | BT89: =BS89 | BV89: =BU89 | BX89: =BV89 | BY89: =BV89 | CA89: =BZ89 | CB89: =CA89 | CC89: =CB89 | CE89: =CD89 | CF89: =CE89 | CI89: =CG89 | CJ89: =CH89 | CK89: =CI89 | CM89: =CL89 | CN89: =CM89 | CP89: =CN89 | CR89: =CQ89 | CS89: =CR89 | CT89: =CS89 | CU89: =CT89 | CW89: =CV89 | CX89: =CW89 | CY89: =CX89 | CZ89: =CY89 | DA89: =CZ89 | DB89: =DA89 | DD89: =DC89
A90: {[][$]CC(C)(C(=O)OCC(CC)CC)[$][]} | B90: {[][>]CC(C)(C(OCC(CC)CC)=O)[<],[>]C(C)(C(OCC(CC)CC)=O)C[<][]} | C90: Poly(2-ethylbutyl methacrylate) | D90: Bicerano's Book | E90: Single Object | G90: =F90 | H90: =F90 | I90: =F90 | J90: =F90 | P90: =O90 | Q90: =O90 | R90: =O90 | S90: =O90 | T90: =O90 | U90: =O90 | W90: =V90 | X90: =V90 | Y90: =V90 | Z90: =V90 | AA90: =V90 | AB90: =V90 | AD90: =AC90 | AE90: =AC90 | AF90: =AC90 | AG90: =AC90 | AI90: =AH90 | AJ90: =AI90 | AK90: =AJ90 | AL90: =AK90 | AN90: =AM90 | AO90: =AM90 | AP90: =AO90 | AQ90: =AP90 | AR90: =AQ90 | AS90: =AR90 | AT90: =AS90 | AU90: =AT90 | AW90: =AV90 | AX90: =AW90 | AY90: =AX90 | AZ90: =AY90 | BB90: =BA90 | BC90: =BA90 | BD90: =BA90 | BF90: =BE90 | BG90: =BF90 | BH90: =BG90 | BI90: =BH90 | BJ90: =BI90 | BM90: =BL90 | BN90: =BM90 | BO90: =BN90 | BQ90: =BP90 | BR90: =BQ90 | BS90: =BR90 | BT90: =BS90 | BV90: =BU90 | BX90: =BV90 | BY90: =BV90 | CA90: =BZ90 | CB90: =CA90 | CC90: =CB90 | CE90: =CD90 | CF90: =CE90 | CI90: =CG90 | CJ90: =CH90 | CK90: =CI90 | CM90: =CL90 | CN90: =CM90 | CP90: =CN90 | CR90: =CQ90 | CS90: =CR90 | CT90: =CS90 | CU90: =CT90 | CW90: =CV90 | CX90: =CW90 | CY90: =CX90 | CZ90: =CY90 | DA90: =CZ90 | DB90: =DA90 | DD90: =DC90
A91: {[][$]CC(c1c(OCCCCCCCC)cccc1)[$][]} | B91: {[][>]CC(c(ccc2)c(c2)OCCCCCCCC)[<],[>]C(c(ccc1)c(c1)OCCCCCCCC)C[<][]} | C91: Poly(o-n-octoxy styrene) | D91: Bicerano's Book | E91: Single Object | G91: =F91 | H91: =F91 | I91: =F91 | J91: =F91 | P91: =O91 | Q91: =O91 | R91: =O91 | S91: =O91 | T91: =O91 | U91: =O91 | W91: =V91 | X91: =V91 | Y91: =V91 | Z91: =V91 | AA91: =V91 | AB91: =V91 | AD91: =AC91 | AE91: =AC91 | AF91: =AC91 | AG91: =AC91 | AI91: =AH91 | AJ91: =AI91 | AK91: =AJ91 | AL91: =AK91 | AN91: =AM91 | AO91: =AM91 | AP91: =AO91 | AQ91: =AP91 | AR91: =AQ91 | AS91: =AR91 | AT91: =AS91 | AU91: =AT91 | AW91: =AV91 | AX91: =AW91 | AY91: =AX91 | AZ91: =AY91 | BB91: =BA91 | BC91: =BA91 | BD91: =BA91 | BF91: =BE91 | BG91: =BF91 | BH91: =BG91 | BI91: =BH91 | BJ91: =BI91 | BM91: =BL91 | BN91: =BM91 | BO91: =BN91 | BQ91: =BP91 | BR91: =BQ91 | BS91: =BR91 | BT91: =BS91 | BV91: =BU91 | BX91: =BV91 | BY91: =BV91 | CA91: =BZ91 | CB91: =CA91 | CC91: =CB91 | CE91: =CD91 | CF91: =CE91 | CI91: =CG91 | CJ91: =CH91 | CK91: =CI91 | CM91: =CL91 | CN91: =CM91 | CP91: =CN91 | CR91: =CQ91 | CS91: =CR91 | CT91: =CS91 | CU91: =CT91 | CW91: =CV91 | CX91: =CW91 | CY91: =CX91 | CZ91: =CY91 | DA91: =CZ91 | DB91: =DA91 | DD91: =DC91
A92: {[][$]CC=C(C(C)(C)C)C[$][]} | B92: {[][>]CC=C(C(C)(C)C)C[<],[>]CC(C(C)(C)C)=CC[<][]} | C92: Poly(2-t-butyl-1,4-butadiene) | D92: Bicerano's Book | E92: Single Object | G92: =F92 | H92: =F92 | I92: =F92 | J92: =F92 | P92: =O92 | Q92: =O92 | R92: =O92 | S92: =O92 | T92: =O92 | U92: =O92 | W92: =V92 | X92: =V92 | Y92: =V92 | Z92: =V92 | AA92: =V92 | AB92: =V92 | AD92: =AC92 | AE92: =AC92 | AF92: =AC92 | AG92: =AC92 | AI92: =AH92 | AJ92: =AI92 | AK92: =AJ92 | AL92: =AK92 | AN92: =AM92 | AO92: =AM92 | AP92: =AO92 | AQ92: =AP92 | AR92: =AQ92 | AS92: =AR92 | AT92: =AS92 | AU92: =AT92 | AW92: =AV92 | AX92: =AW92 | AY92: =AX92 | AZ92: =AY92 | BB92: =BA92 | BC92: =BA92 | BD92: =BA92 | BF92: =BE92 | BG92: =BF92 | BH92: =BG92 | BI92: =BH92 | BJ92: =BI92 | BM92: =BL92 | BN92: =BM92 | BO92: =BN92 | BQ92: =BP92 | BR92: =BQ92 | BS92: =BR92 | BT92: =BS92 | BV92: =BU92 | BX92: =BV92 | BY92: =BV92 | CA92: =BZ92 | CB92: =CA92 | CC92: =CB92 | CE92: =CD92 | CF92: =CE92 | CI92: =CG92 | CJ92: =CH92 | CK92: =CI92 | CM92: =CL92 | CN92: =CM92 | CP92: =CN92 | CR92: =CQ92 | CS92: =CR92 | CT92: =CS92 | CU92: =CT92 | CW92: =CV92 | CX92: =CW92 | CY92: =CX92 | CZ92: =CY92 | DA92: =CZ92 | DB92: =DA92 | DD92: =DC92
A93: {[][$]CC(C)(C(=O)OCCCC)[$][]} | B93: {[][>]CC(C)(C(OCCCC)=O)[<],[>]C(C)(C(OCCCC)=O)C[<][]} | C93: Poly(n-butyl methacrylate) | D93: Bicerano's Book | E93: Single Object | G93: =F93 | H93: =F93 | I93: =F93 | J93: =F93 | P93: =O93 | Q93: =O93 | R93: =O93 | S93: =O93 | T93: =O93 | U93: =O93 | W93: =V93 | X93: =V93 | Y93: =V93 | Z93: =V93 | AA93: =V93 | AB93: =V93 | AD93: =AC93 | AE93: =AC93 | AF93: =AC93 | AG93: =AC93 | AI93: =AH93 | AJ93: =AI93 | AK93: =AJ93 | AL93: =AK93 | AN93: =AM93 | AO93: =AM93 | AP93: =AO93 | AQ93: =AP93 | AR93: =AQ93 | AS93: =AR93 | AT93: =AS93 | AU93: =AT93 | AW93: =AV93 | AX93: =AW93 | AY93: =AX93 | AZ93: =AY93 | BB93: =BA93 | BC93: =BA93 | BD93: =BA93 | BF93: =BE93 | BG93: =BF93 | BH93: =BG93 | BI93: =BH93 | BJ93: =BI93 | BM93: =BL93 | BN93: =BM93 | BO93: =BN93 | BQ93: =BP93 | BR93: =BQ93 | BS93: =BR93 | BT93: =BS93 | BV93: =BU93 | BX93: =BV93 | BY93: =BV93 | CA93: =BZ93 | CB93: =CA93 | CC93: =CB93 | CE93: =CD93 | CF93: =CE93 | CI93: =CG93 | CJ93: =CH93 | CK93: =CI93 | CM93: =CL93 | CN93: =CM93 | CP93: =CN93 | CR93: =CQ93 | CS93: =CR93 | CT93: =CS93 | CU93: =CT93 | CW93: =CV93 | CX93: =CW93 | CY93: =CX93 | CZ93: =CY93 | DA93: =CZ93 | DB93: =DA93 | DD93: =DC93
A94: {[][$]CC(C)(C(=O)OCCOC)[$][]} | B94: {[][>]CC(C)(C(OCCOC)=O)[<],[>]C(C)(C(OCCOC)=O)C[<][]} | C94: Poly(2-methoxyethyl methacrylate) | D94: Bicerano's Book | E94: Single Object | G94: =F94 | H94: =F94 | I94: =F94 | J94: =F94 | P94: =O94 | Q94: =O94 | R94: =O94 | S94: =O94 | T94: =O94 | U94: =O94 | W94: =V94 | X94: =V94 | Y94: =V94 | Z94: =V94 | AA94: =V94 | AB94: =V94 | AD94: =AC94 | AE94: =AC94 | AF94: =AC94 | AG94: =AC94 | AI94: =AH94 | AJ94: =AI94 | AK94: =AJ94 | AL94: =AK94 | AN94: =AM94 | AO94: =AM94 | AP94: =AO94 | AQ94: =AP94 | AR94: =AQ94 | AS94: =AR94 | AT94: =AS94 | AU94: =AT94 | AW94: =AV94 | AX94: =AW94 | AY94: =AX94 | AZ94: =AY94 | BB94: =BA94 | BC94: =BA94 | BD94: =BA94 | BF94: =BE94 | BG94: =BF94 | BH94: =BG94 | BI94: =BH94 | BJ94: =BI94 | BM94: =BL94 | BN94: =BM94 | BO94: =BN94 | BQ94: =BP94 | BR94: =BQ94 | BS94: =BR94 | BT94: =BS94 | BV94: =BU94 | BX94: =BV94 | BY94: =BV94 | CA94: =BZ94 | CB94: =CA94 | CC94: =CB94 | CE94: =CD94 | CF94: =CE94 | CI94: =CG94 | CJ94: =CH94 | CK94: =CI94 | CM94: =CL94 | CN94: =CM94 | CP94: =CN94 | CR94: =CQ94 | CS94: =CR94 | CT94: =CS94 | CU94: =CT94 | CW94: =CV94 | CX94: =CW94 | CY94: =CX94 | CZ94: =CY94 | DA94: =CZ94 | DB94: =DA94 | DD94: =DC94
... A144: {[][$]CC(C(=O)OCCC)(Cl)[$][]} | B144: {[][>]CC(Cl)(C(OCCC)=O)[<],[>]C(Cl)(C(OCCC)=O)C[<][]} | C144: Poly(n-propyl α-chloroacrylate) | D144: Bicerano's Book | E144: Single Object | G144: =F144 | H144: =F144 | I144: =F144 | J144: =F144 | P144: =O144 | Q144: =O144 | R144: =O144 | S144: =O144 | T144: =O144 | U144: =O144 | W144: =V144 | X144: =V144 | Y144: =V144 | Z144: =V144 | AA144: =V144 | AB144: =V144 | AD144: =AC144 | AE144: =AC144 | AF144: =AC144 | AG144: =AC144 | AI144: =AH144 | AJ144: =AI144 | AK144: =AJ144 | AL144: =AK144 | AN144: =AM144 | AO144: =AM144 | AP144: =AO144 | AQ144: =AP144 | AR144: =AQ144 | AS144: =AR144 | AT144: =AS144 | AU144: =AT144 | AW144: =AV144 | AX144: =AW144 | AY144: =AX144 | AZ144: =AY144 | BB144: =BA144 | BC144: =BA144 | BD144: =BA144 | BF144: =BE144 | BG144: =BF144 | BH144: =BG144 | BI144: =BH144 | BJ144: =BI144 | BM144: =BL144 | BN144: =BM144 | BO144: =BN144 | BQ144: =BP144 | BR144: =BQ144 | BS144: =BR144 | BT144: =BS144 | BV144: =BU144 | BX144: =BV144 | BY144: =BV144 | CA144: =BZ144 | CB144: =CA144 | CC144: =CB144 | CE144: =CD144 | CF144: =CE144 | CI144: =CG144 | CJ144: =CH144 | CK144: =CI144 | CM144: =CL144 | CN144: =CM144 | CP144: =CN144 | CR144: =CQ144 | CS144: =CR144 | CT144: =CS144 | CU144: =CT144 | CW144: =CV144 | CX144: =CW144 | CY144: =CX144 | CZ144: =CY144 | DA144: =CZ144 | DB144: =DA144 | DD144: =DC144
A145: {[][<]OCCO[<],[>]C(=O)c1cccc2c1cccc2C(=O)[>][]} | B145: {[][>2]OCCO[<1],[>3]C(=O)c(ccc1)c(cc2)c1c(c2)C(=O)[<2],[>2]OCCO[<3],[>3]C(=O)c(ccc1)c(cc2)c1c(c2)C(=O)[<1][]} | C145: Poly(ethylene-1,5-naphthalenedicarboxylate) | D145: Bicerano's Book | E145: Single Object | G145: =F145 | H145: =F145 | I145: =F145 | J145: =F145 | P145: =O145 | Q145: =O145 | R145: =O145 | S145: =O145 | T145: =O145 | U145: =O145 | W145: =V145 | X145: =V145 | Y145: =V145 | Z145: =V145 | AA145: =V145 | AB145: =V145 | AD145: =AC145 | AE145: =AC145 | AF145: =AC145 | AG145: =AC145 | AI145: =AH145 | AJ145: =AI145 | AK145: =AJ145 | AL145: =AK145 | AN145: =AM145 | AO145: =AM145 | AP145: =AO145 | AQ145: =AP145 | AR145: =AQ145 | AS145: =AR145 | AT145: =AS145 | AU145: =AT145 | AW145: =AV145 | AX145: =AW145 | AY145: =AX145 | AZ145: =AY145 | BB145: =BA145 | BC145: =BA145 | BD145: =BA145 | BF145: =BE145 | BG145: =BF145 | BH145: =BG145 | BI145: =BH145 | BJ145: =BI145 | BM145: =BL145 | BN145: =BM145 | BO145: =BN145 | BQ145: =BP145 | BR145: =BQ145 | BS145: =BR145 | BT145: =BS145 | BV145: =BU145 | BX145: =BV145 | BY145: =BV145 | CA145: =BZ145 | CB145: =CA145 | CC145: =CB145 | CE145: =CD145 | CF145: =CE145 | CI145: =CG145 | CJ145: =CH145 | CK145: =CI145 | CL145: 1 | CM145: =CL145 | CN145: =CM145 | CP145: =CN145 | CR145: =CQ145 | CS145: =CR145 | CT145: =CS145 | CU145: =CT145 | CW145: =CV145 | CX145: =CW145 | CY145: =CX145 | CZ145: =CY145 | DA145: =CZ145 | DB145: =DA145 | DD145: =DC145
A146: {[][$]CC(OC1CC)C(O1)C[$],[$]CC(OC1CC)CC(O1)[$][]} | B146: {[][>]CC(OC1CC)C(O1)C[<],[>]CC(OC(CC)O2)CC2[<],[>]C(OC(CC)O4)CC4C[<][]} | C146: Poly(vinyl propional) | D146: Bicerano's Book | E146: Single Object | G146: =F146 | H146: =F146 | I146: =F146 | J146: =F146 | P146: =O146 | Q146: =O146 | R146: =O146 | S146: =O146 | T146: =O146 | U146: =O146 | W146: =V146 | X146: =V146 | Y146: =V146 | Z146: =V146 | AA146: =V146 | AB146: =V146 | AD146: =AC146 | AE146: =AC146 | AF146: =AC146 | AG146: =AC146 | AI146: =AH146 | AJ146: =AI146 | AK146: =AJ146 | AL146: =AK146 | AN146: =AM146 | AO146: =AM146 | AP146: =AO146 | AQ146: =AP146 | AR146: =AQ146 | AS146: =AR146 | AT146: =AS146 | AU146: =AT146 | AW146: =AV146 | AX146: =AW146 | AY146: =AX146 | AZ146: =AY146 | BB146: =BA146 | BC146: =BA146 | BD146: =BA146 | BF146: =BE146 | BG146: =BF146 | BH146: =BG146 | BI146: =BH146 | BJ146: =BI146 | BM146: =BL146 | BN146: =BM146 | BO146: =BN146 | BQ146: =BP146 | BR146: =BQ146 | BS146: =BR146 | BT146: =BS146 | BV146: =BU146 | BX146: =BV146 | BY146: =BV146 | CA146: =BZ146 | CB146: =CA146 | CC146: =CB146 | CE146: =CD146 | CF146: =CE146 | CI146: =CG146 | CJ146: =CH146 | CK146: =CI146 | CM146: =CL146 | CN146: =CM146 | CP146: =CN146 | CR146: =CQ146 | CS146: =CR146 | CT146: =CS146 | CU146: =CT146 | CW146: =CV146 | CX146: =CW146 | CY146: =CX146 | CZ146: =CY146 | DA146: =CZ146 | DB146: =DA146 | DD146: =DC146
A147: {[][<]OCCO[<],[>]C(=O)c1ccc(cc1)C(=O)[>][]} | B147: {[][>2]OCCO[<1],[>3]C(=O)c(cc1)ccc1C(=O)[<2],[>2]OCCO[<3],[>3]C(=O)c(cc1)ccc1C(=O)[<1][]} | C147: Poly(ethylene terephthalate) | D147: Bicerano's Book | E147: Single Object | G147: =F147 | H147: =F147 | I147: =F147 | J147: =F147 | P147: =O147 | Q147: =O147 | R147: =O147 | S147: =O147 | T147: =O147 | U147: =O147 | W147: =V147 | X147: =V147 | Y147: =V147 | Z147: =V147 | AA147: =V147 | AB147: =V147 | AD147: =AC147 | AE147: =AC147 | AF147: =AC147 | AG147: =AC147 | AI147: =AH147 | AJ147: =AI147 | AK147: =AJ147 | AL147: =AK147 | AN147: =AM147 | AO147: =AM147 | AP147: =AO147 | AQ147: =AP147 | AR147: =AQ147 | AS147: =AR147 | AT147: =AS147 | AU147: =AT147 | AW147: =AV147 | AX147: =AW147 | AY147: =AX147 | AZ147: =AY147 | BB147: =BA147 | BC147: =BA147 | BD147: =BA147 | BF147: =BE147 | BG147: =BF147 | BH147: =BG147 | BI147: =BH147 | BJ147: =BI147 | BM147: =BL147 | BN147: =BM147 | BO147: =BN147 | BQ147: =BP147 | BR147: =BQ147 | BS147: =BR147 | BT147: =BS147 | BV147: =BU147 | BX147: =BV147 | BY147: =BV147 | CA147: =BZ147 | CB147: =CA147 | CC147: =CB147 | CE147: =CD147 | CF147: =CE147 | CI147: =CG147 | CJ147: =CH147 | CK147: =CI147 | CM147: =CL147 | CN147: =CM147 | CP147: =CN147 | CR147: =CQ147 | CS147: =CR147 | CT147: =CS147 | CU147: =CT147 | CW147: =CV147 | CX147: =CW147 | CY147: =CX147 | CZ147: =CY147 | DA147: =CZ147 | DB147: =DA147 | DD147: =DC147
A148: {[][$]CC(C(=O)OC(C)CC)(Cl)[$][]} | B148: {[][>]CC(Cl)(C(OC(CC)C)=O)[<],[>]C(Cl)(C(OC(CC)C)=O)C[<][]} | C148: Poly(sec-butyl α-chloroacrylate) | D148: Bicerano's Book | E148: Single Object | G148: =F148 | H148: =F148 | I148: =F148 | J148: =F148 | P148: =O148 | Q148: =O148 | R148: =O148 | S148: =O148 | T148: =O148 | U148: =O148 | W148: =V148 | X148: =V148 | Y148: =V148 | Z148: =V148 | AA148: =V148 | AB148: =V148 | AD148: =AC148 | AE148: =AC148 | AF148: =AC148 | AG148: =AC148 | AI148: =AH148 | AJ148: =AI148 | AK148: =AJ148 | AL148: =AK148 | AN148: =AM148 | AO148: =AM148 | AP148: =AO148 | AQ148: =AP148 | AR148: =AQ148 | AS148: =AR148 | AT148: =AS148 | AU148: =AT148 | AW148: =AV148 | AX148: =AW148 | AY148: =AX148 | AZ148: =AY148 | BB148: =BA148 | BC148: =BA148 | BD148: =BA148 | BF148: =BE148 | BG148: =BF148 | BH148: =BG148 | BI148: =BH148 | BJ148: =BI148 | BM148: =BL148 | BN148: =BM148 | BO148: =BN148 | BQ148: =BP148 | BR148: =BQ148 | BS148: =BR148 | BT148: =BS148 | BV148: =BU148 | BX148: =BV148 | BY148: =BV148 | CA148: =BZ148 | CB148: =CA148 | CC148: =CB148 | CE148: =CD148 | CF148: =CE148 | CI148: =CG148 | CJ148: =CH148 | CK148: =CI148 | CM148: =CL148 | CN148: =CM148 | CP148: =CN148 | CR148: =CQ148 | CS148: =CR148 | CT148: =CS148 | CU148: =CT148 | CW148: =CV148 | CX148: =CW148 | CY148: =CX148 | CZ148: =CY148 | DA148: =CZ148 | DB148: =DA148 | DD148: =DC148
A149: {[][$]CC(Cl)[$][]} | B149: {[][>]CC(Cl)[<],[>]C(Cl)C[<][]} | C149: Poly(vinyl chloride) | D149: Bicerano's Book | E149: Single Object | G149: =F149 | H149: =F149 | I149: =F149 | J149: =F149 | P149: =O149 | Q149: =O149 | R149: =O149 | S149: =O149 | T149: =O149 | U149: =O149 | W149: =V149 | X149: =V149 | Y149: =V149 | Z149: =V149 | AA149: =V149 | AB149: =V149 | AD149: =AC149 | AE149: =AC149 | AF149: =AC149 | AG149: =AC149 | AI149: =AH149 | AJ149: =AI149 | AK149: =AJ149 | AL149: =AK149 | AN149: =AM149 | AO149: =AM149 | AP149: =AO149 | AQ149: =AP149 | AR149: =AQ149 | AS149: =AR149 | AT149: =AS149 | AU149: =AT149 | AW149: =AV149 | AX149: =AW149 | AY149: =AX149 | AZ149: =AY149 | BB149: =BA149 | BC149: =BA149 | BD149: =BA149 | BF149: =BE149 | BG149: =BF149 | BH149: =BG149 | BI149: =BH149 | BJ149: =BI149 | BM149: =BL149 | BN149: =BM149 | BO149: =BN149 | BQ149: =BP149 | BR149: =BQ149 | BS149: =BR149 | BT149: =BS149 | BV149: =BU149 | BX149: =BV149 | BY149: =BV149 | CA149: =BZ149 | CB149: =CA149 | CC149: =CB149 | CE149: =CD149 | CF149: =CE149 | CI149: =CG149 | CJ149: =CH149 | CK149: =CI149 | CM149: =CL149 | CN149: =CM149 | CP149: =CN149 | CR149: =CQ149 | CS149: =CR149 | CT149: =CS149 | CU149: =CT149 | CW149: =CV149 | CX149: =CW149 | CY149: =CX149 | CZ149: =CY149 | DA149: =CZ149 | DB149: =DA149 | DD149: =DC149
A150: {[][$]CC(CC1CCCCC1)[$][]} | B150: {[][>]CC(CC(CC2)CCC2)[<],[>]C(CC(CC1)CCC1)C[<][]} | C150: Poly(3-cyclohexyl-1-propene) | D150: Bicerano's Book | E150: Single Object | G150: =F150 | H150: =F150 | I150: =F150 | J150: =F150 | P150: =O150 | Q150: =O150 | R150: =O150 | S150: =O150 | T150: =O150 | U150: =O150 | W150: =V150 | X150: =V150 | Y150: =V150 | Z150: =V150 | AA150: =V150 | AB150: =V150 | AD150: =AC150 | AE150: =AC150 | AF150: =AC150 | AG150: =AC150 | AI150: =AH150 | AJ150: =AI150 | AK150: =AJ150 | AL150: =AK150 | AN150: =AM150 | AO150: =AM150 | AP150: =AO150 | AQ150: =AP150 | AR150: =AQ150 | AS150: =AR150 | AT150: =AS150 | AU150: =AT150 | AW150: =AV150 | AX150: =AW150 | AY150: =AX150 | AZ150: =AY150 | BB150: =BA150 | BC150: =BA150 | BD150: =BA150 | BF150: =BE150 | BG150: =BF150 | BH150: =BG150 | BI150: =BH150 | BJ150: =BI150 | BM150: =BL150 | BN150: =BM150 | BO150: =BN150 | BQ150: =BP150 | BR150: =BQ150 | BS150: =BR150 | BT150: =BS150 | BV150: =BU150 | BX150: =BV150 | BY150: =BV150 | CA150: =BZ150 | CB150: =CA150 | CC150: =CB150 | CE150: =CD150 | CF150: =CE150 | CI150: =CG150 | CJ150: =CH150 | CK150: =CI150 | CM150: =CL150 | CN150: =CM150 | CP150: =CN150 | CR150: =CQ150 | CS150: =CR150 | CT150: =CS150 | CU150: =CT150 | CW150: =CV150 | CX150: =CW150 | CY150: =CX150 | CZ150: =CY150 | DA150: =CZ150 | DB150: =DA150 | DD150: =DC150
A151: {[][$]CC(C1CCCC1)[$][]} | B151: {[][>]CC(C(CC2)CC2)[<],[>]C(C(CC1)CC1)C[<][]} | C151: Poly(vinyl cyclopentane) | D151: Bicerano's Book | E151: Single Object | G151: =F151 | H151: =F151 | I151: =F151 | J151: =F151 | P151: =O151 | Q151: =O151 | R151: =O151 | S151: =O151 | T151: =O151 | U151: =O151 | W151: =V151 | X151: =V151 | Y151: =V151 | Z151: =V151 | AA151: =V151 | AB151: =V151 | AD151: =AC151 | AE151: =AC151 | AF151: =AC151 | AG151: =AC151 | AI151: =AH151 | AJ151: =AI151 | AK151: =AJ151 | AL151: =AK151 | AN151: =AM151 | AO151: =AM151 | AP151: =AO151 | AQ151: =AP151 | AR151: =AQ151 | AS151: =AR151 | AT151: =AS151 | AU151: =AT151 | AW151: =AV151 | AX151: =AW151 | AY151: =AX151 | AZ151: =AY151 | BB151: =BA151 | BC151: =BA151 | BD151: =BA151 | BF151: =BE151 | BG151: =BF151 | BH151: =BG151 | BI151: =BH151 | BJ151: =BI151 | BM151: =BL151 | BN151: =BM151 | BO151: =BN151 | BQ151: =BP151 | BR151: =BQ151 | BS151: =BR151 | BT151: =BS151 | BV151: =BU151 | BX151: =BV151 | BY151: =BV151 | CA151: =BZ151 | CB151: =CA151 | CC151: =CB151 | CE151: =CD151 | CF151: =CE151 | CI151: =CG151 | CJ151: =CH151 | CK151: =CI151 | CM151: =CL151 | CN151: =CM151 | CP151: =CN151 | CR151: =CQ151 | CS151: =CR151 | CT151: =CS151 | CU151: =CT151 | CW151: =CV151 | CX151: =CW151 | CY151: =CX151 | CZ151: =CY151 | DA151: =CZ151 | DB151: =DA151 | DD151: =DC151
A152: {[][$]CC(C)(C(=O)OCC(O)C)[$][]} | B152: {[][>]CC(C)(C(OCC(C)O)=O)[<],[>]C(C)(C(OCC(C)O)=O)C[<][]} | C152: Poly(2-hydroxypropyl methacrylate) | D152: Bicerano's Book | E152: Single Object | G152: =F152 | H152: =F152 | I152: =F152 | J152: =F152 | P152: =O152 | Q152: =O152 | R152: =O152 | S152: =O152 | T152: =O152 | U152: =O152 | W152: =V152 | X152: =V152 | Y152: =V152 | Z152: =V152 | AA152: =V152 | AB152: =V152 | AD152: =AC152 | AE152: =AC152 | AF152: =AC152 | AG152: =AC152 | AI152: =AH152 | AJ152: =AI152 | AK152: =AJ152 | AL152: =AK152 | AN152: =AM152 | AO152: =AM152 | AP152: =AO152 | AQ152: =AP152 | AR152: =AQ152 | AS152: =AR152 | AT152: =AS152 | AU152: =AT152 | AW152: =AV152 | AX152: =AW152 | AY152: =AX152 | AZ152: =AY152 | BB152: =BA152 | BC152: =BA152 | BD152: =BA152 | BF152: =BE152 | BG152: =BF152 | BH152: =BG152 | BI152: =BH152 | BJ152: =BI152 | BM152: =BL152 | BN152: =BM152 | BO152: =BN152 | BQ152: =BP152 | BR152: =BQ152 | BS152: =BR152 | BT152: =BS152 | BV152: =BU152 | BX152: =BV152 | BY152: =BV152 | CA152: =BZ152 | CB152: =CA152 | CC152: =CB152 | CE152: =CD152 | CF152: =CE152 | CI152: =CG152 | CJ152: =CH152 | CK152: =CI152 | CM152: =CL152 | CN152: =CM152 | CP152: =CN152 | CR152: =CQ152 | CS152: =CR152 | CT152: =CS152 | CU152: =CT152 | CW152: =CV152 | CX152: =CW152 | CY152: =CX152 | CZ152: =CY152 | DA152: =CZ152 | DB152: =DA152 | DD152: =DC152
A153: {[][$]CC(c1ccc(COC)cc1)[$][]} | B153: {[][>]CC(c(cc2)ccc2COC)[<],[>]C(c(cc1)ccc1COC)C[<][]} | C153: Poly(p-methoxymethyl styrene) | D153: Bicerano's Book | E153: Single Object | G153: =F153 | H153: =F153 | I153: =F153 | J153: =F153 | P153: =O153 | Q153: =O153 | R153: =O153 | S153: =O153 | T153: =O153 | U153: =O153 | W153: =V153 | X153: =V153 | Y153: =V153 | Z153: =V153 | AA153: =V153 | AB153: =V153 | AD153: =AC153 | AE153: =AC153 | AF153: =AC153 | AG153: =AC153 | AI153: =AH153 | AJ153: =AI153 | AK153: =AJ153 | AL153: =AK153 | AN153: =AM153 | AO153: =AM153 | AP153: =AO153 | AQ153: =AP153 | AR153: =AQ153 | AS153: =AR153 | AT153: =AS153 | AU153: =AT153 | AW153: =AV153 | AX153: =AW153 | AY153: =AX153 | AZ153: =AY153 | BB153: =BA153 | BC153: =BA153 | BD153: =BA153 | BF153: =BE153 | BG153: =BF153 | BH153: =BG153 | BI153: =BH153 | BJ153: =BI153 | BM153: =BL153 | BN153: =BM153 | BO153: =BN153 | BQ153: =BP153 | BR153: =BQ153 | BS153: =BR153 | BT153: =BS153 | BV153: =BU153 | BX153: =BV153 | BY153: =BV153 | CA153: =BZ153 | CB153: =CA153 | CC153: =CB153 | CE153: =CD153 | CF153: =CE153 | CI153: =CG153 | CJ153: =CH153 | CK153: =CI153 | CM153: =CL153 | CN153: =CM153 | CP153: =CN153 | CR153: =CQ153 | CS153: =CR153 | CT153: =CS153 | CU153: =CT153 | CW153: =CV153 | CX153: =CW153 | CY153: =CX153 | CZ153: =CY153 | DA153: =CZ153 | DB153: =DA153 | DD153: =DC153
A154: {[][$]Cc1c(Cl)cc(cc1)C[$][]} | B154: {[][>]Cc(cc1)cc(Cl)c1C[<],[>]Cc(c(c2)Cl)ccc2C[<][]} | C154: Poly(chloro-p-xylylene) | D154: Bicerano's Book | E154: Single Object | G154: =F154 | H154: =F154 | I154: =F154 | J154: =F154 | P154: =O154 | Q154: =O154 | R154: =O154 | S154: =O154 | T154: =O154 | U154: =O154 | W154: =V154 | X154: =V154 | Y154: =V154 | Z154: =V154 | AA154: =V154 | AB154: =V154 | AD154: =AC154 | AE154: =AC154 | AF154: =AC154 | AG154: =AC154 | AI154: =AH154 | AJ154: =AI154 | AK154: =AJ154 | AL154: =AK154 | AN154: =AM154 | AO154: =AM154 | AP154: =AO154 | AQ154: =AP154 | AR154: =AQ154 | AS154: =AR154 | AT154: =AS154 | AU154: =AT154 | AW154: =AV154 | AX154: =AW154 | AY154: =AX154 | AZ154: =AY154 | BB154: =BA154 | BC154: =BA154 | BD154: =BA154 | BF154: =BE154 | BG154: =BF154 | BH154: =BG154 | BI154: =BH154 | BJ154: =BI154 | BM154: =BL154 | BN154: =BM154 | BO154: =BN154 | BQ154: =BP154 | BR154: =BQ154 | BS154: =BR154 | BT154: =BS154 | BV154: =BU154 | BX154: =BV154 | BY154: =BV154 | CA154: =BZ154 | CB154: =CA154 | CC154: =CB154 | CE154: =CD154 | CF154: =CE154 | CI154: =CG154 | CJ154: =CH154 | CK154: =CI154 | CM154: =CL154 | CN154: =CM154 | CP154: =CN154 | CQ154: 1 | CR154: =CQ154 | CS154: =CR154 | CT154: =CS154 | CU154: =CT154 | CW154: =CV154 | CX154: =CW154 | CY154: =CX154 | CZ154: =CY154 | DA154: =CZ154 | DB154: =DA154 | DD154: =DC154
A155: {[][$]Cc1c(Br)cc(cc1)C[$][]} | B155: {[][>]Cc(cc1)cc(Br)c1C[<],[>]Cc(c(c2)Br)ccc2C[<][]} | C155: Poly(bromo-p-xylylene) | D155: Bicerano's Book | E155: Single Object | G155: =F155 | H155: =F155 | I155: =F155 | J155: =F155 | P155: =O155 | Q155: =O155 | R155: =O155 | S155: =O155 | T155: =O155 | U155: =O155 | W155: =V155 | X155: =V155 | Y155: =V155 | Z155: =V155 | AA155: =V155 | AB155: =V155 | AD155: =AC155 | AE155: =AC155 | AF155: =AC155 | AG155: =AC155 | AI155: =AH155 | AJ155: =AI155 | AK155: =AJ155 | AL155: =AK155 | AN155: =AM155 | AO155: =AM155 | AP155: =AO155 | AQ155: =AP155 | AR155: =AQ155 | AS155: =AR155 | AT155: =AS155 | AU155: =AT155 | AW155: =AV155 | AX155: =AW155 | AY155: =AX155 | AZ155: =AY155 | BB155: =BA155 | BC155: =BA155 | BD155: =BA155 | BF155: =BE155 | BG155: =BF155 | BH155: =BG155 | BI155: =BH155 | BJ155: =BI155 | BM155: =BL155 | BN155: =BM155 | BO155: =BN155 | BQ155: =BP155 | BR155: =BQ155 | BS155: =BR155 | BT155: =BS155 | BV155: =BU155 | BX155: =BV155 | BY155: =BV155 | CA155: =BZ155 | CB155: =CA155 | CC155: =CB155 | CE155: =CD155 | CF155: =CE155 | CI155: =CG155 | CJ155: =CH155 | CK155: =CI155 | CM155: =CL155 | CN155: =CM155 | CP155: =CN155 | CR155: =CQ155 | CS155: =CR155 | CT155: =CS155 | CU155: =CT155 | CW155: =CV155 | CX155: =CW155 | CY155: =CX155 | CZ155: =CY155 | DA155: =CZ155 | DB155: =DA155 | DD155: =DC155
A156: {[][<]OCCOc1ccc(cc1)C(=O)[>][]} | B156: {[][>]OCCOc(cc1)ccc1C(=O)[<][]} | C156: Poly(ethylene oxybenzoate) | D156: Bicerano's Book | E156: Single Object | G156: =F156 | H156: =F156 | I156: =F156 | J156: =F156 | P156: =O156 | Q156: =O156 | R156: =O156 | S156: =O156 | T156: =O156 | U156: =O156 | W156: =V156 | X156: =V156 | Y156: =V156 | Z156: =V156 | AA156: =V156 | AB156: =V156 | AD156: =AC156 | AE156: =AC156 | AF156: =AC156 | AG156: =AC156 | AI156: =AH156 | AJ156: =AI156 | AK156: =AJ156 | AL156: =AK156 | AN156: =AM156 | AO156: =AM156 | AP156: =AO156 | AQ156: =AP156 | AR156: =AQ156 | AS156: =AR156 | AT156: =AS156 | AU156: =AT156 | AW156: =AV156 | AX156: =AW156 | AY156: =AX156 | AZ156: =AY156 | BB156: =BA156 | BC156: =BA156 | BD156: =BA156 | BF156: =BE156 | BG156: =BF156 | BH156: =BG156 | BI156: =BH156 | BJ156: =BI156 | BM156: =BL156 | BN156: =BM156 | BO156: =BN156 | BQ156: =BP156 | BR156: =BQ156 | BS156: =BR156 | BT156: =BS156 | BV156: =BU156 | BX156: =BV156 | BY156: =BV156 | CA156: =BZ156 | CB156: =CA156 | CC156: =CB156 | CE156: =CD156 | CF156: =CE156 | CI156: =CG156 | CJ156: =CH156 | CK156: =CI156 | CM156: =CL156 | CN156: =CM156 | CP156: =CN156 | CR156: =CQ156 | CS156: =CR156 | CT156: =CS156 | CU156: =CT156 | CW156: =CV156 | CX156: =CW156 | CY156: =CX156 | CZ156: =CY156 | DA156: =CZ156 | DB156: =DA156 | DD156: =DC156
A157: {[][$]CC(O)[$][]} | B157: {[][>]CC(O)[<],[>]C(O)C[<][]} | C157: Poly(vinyl alcohol) | D157: Bicerano's Book | E157: Single Object | G157: =F157 | H157: =F157 | I157: =F157 | J157: =F157 | P157: =O157 | Q157: =O157 | R157: =O157 | S157: =O157 | T157: =O157 | U157: =O157 | W157: =V157 | X157: =V157 | Y157: =V157 | Z157: =V157 | AA157: =V157 | AB157: =V157 | AD157: =AC157 | AE157: =AC157 | AF157: =AC157 | AG157: =AC157 | AI157: =AH157 | AJ157: =AI157 | AK157: =AJ157 | AL157: =AK157 | AN157: =AM157 | AO157: =AM157 | AP157: =AO157 | AQ157: =AP157 | AR157: =AQ157 | AS157: =AR157 | AT157: =AS157 | AU157: =AT157 | AW157: =AV157 | AX157: =AW157 | AY157: =AX157 | AZ157: =AY157 | BB157: =BA157 | BC157: =BA157 | BD157: =BA157 | BF157: =BE157 | BG157: =BF157 | BH157: =BG157 | BI157: =BH157 | BJ157: =BI157 | BM157: =BL157 | BN157: =BM157 | BO157: =BN157 | BQ157: =BP157 | BR157: =BQ157 | BS157: =BR157 | BT157: =BS157 | BV157: =BU157 | BX157: =BV157 | BY157: =BV157 | CA157: =BZ157 | CB157: =CA157 | CC157: =CB157 | CE157: =CD157 | CF157: =CE157 | CI157: =CG157 | CJ157: =CH157 | CK157: =CI157 | CM157: =CL157 | CN157: =CM157 | CP157: =CN157 | CR157: =CQ157 | CS157: =CR157 | CT157: =CS157 | CU157: =CT157 | CW157: =CV157 | CX157: =CW157 | CY157: =CX157 | CZ157: =CY157 | DA157: =CZ157 | DB157: =DA157 | DD157: =DC157
A158: {[][<]c1ccc(cc1)O[>][]} | B158: {[][>]c(cc1)ccc1O[<][]} | C158: Poly[oxy(p-phenylene)] | D158: Bicerano's Book | E158: Single Object | G158: =F158 | H158: =F158 | I158: =F158 | J158: =F158 | P158: =O158 | Q158: =O158 | R158: =O158 | S158: =O158 | T158: =O158 | U158: =O158 | W158: =V158 | X158: =V158 | Y158: =V158 | Z158: =V158 | AA158: =V158 | AB158: =V158 | AD158: =AC158 | AE158: =AC158 | AF158: =AC158 | AG158: =AC158 | AI158: =AH158 | AJ158: =AI158 | AK158: =AJ158 | AL158: =AK158 | AN158: =AM158 | AO158: =AM158 | AP158: =AO158 | AQ158: =AP158 | AR158: =AQ158 | AS158: =AR158 | AT158: =AS158 | AU158: =AT158 | AW158: =AV158 | AX158: =AW158 | AY158: =AX158 | AZ158: =AY158 | BB158: =BA158 | BC158: =BA158 | BD158: =BA158 | BF158: =BE158 | BG158: =BF158 | BH158: =BG158 | BI158: =BH158 | BJ158: =BI158 | BM158: =BL158 | BN158: =BM158 | BO158: =BN158 | BQ158: =BP158 | BR158: =BQ158 | BS158: =BR158 | BT158: =BS158 | BV158: =BU158 | BX158: =BV158 | BY158: =BV158 | CA158: =BZ158 | CB158: =CA158 | CC158: =CB158 | CE158: =CD158 | CF158: =CE158 | CI158: =CG158 | CJ158: =CH158 | CK158: =CI158 | CM158: =CL158 | CN158: =CM158 | CP158: =CN158 | CR158: =CQ158 | CS158: =CR158 | CT158: =CS158 | CU158: =CT158 | CW158: =CV158 | CX158: =CW158 | CY158: =CX158 | CZ158: =CY158 | DA158: =CZ158 | DB158: =DA158 | DD158: =DC158
A159: {[][$]CC(c1ccc(C(C)CC)cc1)[$][]} | B159: {[][>]CC(c(cc2)ccc2C(CC)C)[<],[>]C(c(cc1)ccc1C(CC)C)C[<][]} | C159: Poly(p-sec-butyl styrene) | D159: Bicerano's Book | E159: Single Object | G159: =F159 | H159: =F159 | I159: =F159 | J159: =F159 | P159: =O159 | Q159: =O159 | R159: =O159 | S159: =O159 | T159: =O159 | U159: =O159 | W159: =V159 | X159: =V159 | Y159: =V159 | Z159: =V159 | AA159: =V159 | AB159: =V159 | AD159: =AC159 | AE159: =AC159 | AF159: =AC159 | AG159: =AC159 | AI159: =AH159 | AJ159: =AI159 | AK159: =AJ159 | AL159: =AK159 | AN159: =AM159 | AO159: =AM159 | AP159: =AO159 | AQ159: =AP159 | AR159: =AQ159 | AS159: =AR159 | AT159: =AS159 | AU159: =AT159 | AW159: =AV159 | AX159: =AW159 | AY159: =AX159 | AZ159: =AY159 | BB159: =BA159 | BC159: =BA159 | BD159: =BA159 | BF159: =BE159 | BG159: =BF159 | BH159: =BG159 | BI159: =BH159 | BJ159: =BI159 | BM159: =BL159 | BN159: =BM159 | BO159: =BN159 | BQ159: =BP159 | BR159: =BQ159 | BS159: =BR159 | BT159: =BS159 | BV159: =BU159 | BX159: =BV159 | BY159: =BV159 | CA159: =BZ159 | CB159: =CA159 | CC159: =CB159 | CE159: =CD159 | CF159: =CE159 | CI159: =CG159 | CJ159: =CH159 | CK159: =CI159 | CM159: =CL159 | CN159: =CM159 | CP159: =CN159 | CR159: =CQ159 | CS159: =CR159 | CT159: =CS159 | CU159: =CT159 | CW159: =CV159 | CX159: =CW159 | CY159: =CX159 | CZ159: =CY159 | DA159: =CZ159 | DB159: =DA159 | DD159: =DC159
A160: {[][$]CC(c1ccc(OCC)cc1)[$][]} | B160: {[][>]CC(c(cc2)ccc2OCC)[<],[>]C(c(cc1)ccc1OCC)C[<][]} | C160: Poly(p-ethoxy styrene) | D160: Bicerano's Book | E160: Single Object | G160: =F160 | H160: =F160 | I160: =F160 | J160: =F160 | P160: =O160 | Q160: =O160 | R160: =O160 | S160: =O160 | T160: =O160 | U160: =O160 | W160: =V160 | X160: =V160 | Y160: =V160 | Z160: =V160 | AA160: =V160 | AB160: =V160 | AD160: =AC160 | AE160: =AC160 | AF160: =AC160 | AG160: =AC160 | AI160: =AH160 | AJ160: =AI160 | AK160: =AJ160 | AL160: =AK160 | AN160: =AM160 | AO160: =AM160 | AP160: =AO160 | AQ160: =AP160 | AR160: =AQ160 | AS160: =AR160 | AT160: =AS160 | AU160: =AT160 | AW160: =AV160 | AX160: =AW160 | AY160: =AX160 | AZ160: =AY160 | BB160: =BA160 | BC160: =BA160 | BD160: =BA160 | BF160: =BE160 | BG160: =BF160 | BH160: =BG160 | BI160: =BH160 | BJ160: =BI160 | BM160: =BL160 | BN160: =BM160 | BO160: =BN160 | BQ160: =BP160 | BR160: =BQ160 | BS160: =BR160 | BT160: =BS160 | BV160: =BU160 | BX160: =BV160 | BY160: =BV160 | CA160: =BZ160 | CB160: =CA160 | CC160: =CB160 | CE160: =CD160 | CF160: =CE160 | CI160: =CG160 | CJ160: =CH160 | CK160: =CI160 | CM160: =CL160 | CN160: =CM160 | CP160: =CN160 | CR160: =CQ160 | CS160: =CR160 | CT160: =CS160 | CU160: =CT160 | CW160: =CV160 | CX160: =CW160 | CY160: =CX160 | CZ160: =CY160 | DA160: =CZ160 | DB160: =DA160 | DD160: =DC160
A161: {[][$]CC(C)(C(=O)OCCO)[$][]} | B161: {[][>]CC(C(=O)OCCO)(C)[<],[>]C(C(=O)OCCO)(C)C[<][]} | C161: Poly(2-hydroxyethyl methacrylate) | D161: Bicerano's Book | E161: Single Object | G161: =F161 | H161: =F161 | I161: =F161 | J161: =F161 | P161: =O161 | Q161: =O161 | R161: =O161 | S161: =O161 | T161: =O161 | U161: =O161 | W161: =V161 | X161: =V161 | Y161: =V161 | Z161: =V161 | AA161: =V161 | AB161: =V161 | AD161: =AC161 | AE161: =AC161 | AF161: =AC161 | AG161: =AC161 | AI161: =AH161 | AJ161: =AI161 | AK161: =AJ161 | AL161: =AK161 | AN161: =AM161 | AO161: =AM161 | AP161: =AO161 | AQ161: =AP161 | AR161: =AQ161 | AS161: =AR161 | AT161: =AS161 | AU161: =AT161 | AW161: =AV161 | AX161: =AW161 | AY161: =AX161 | AZ161: =AY161 | BB161: =BA161 | BC161: =BA161 | BD161: =BA161 | BF161: =BE161 | BG161: =BF161 | BH161: =BG161 | BI161: =BH161 | BJ161: =BI161 | BM161: =BL161 | BN161: =BM161 | BO161: =BN161 | BQ161: =BP161 | BR161: =BQ161 | BS161: =BR161 | BT161: =BS161 | BV161: =BU161 | BX161: =BV161 | BY161: =BV161 | CA161: =BZ161 | CB161: =CA161 | CC161: =CB161 | CE161: =CD161 | CF161: =CE161 | CI161: =CG161 | CJ161: =CH161 | CK161: =CI161 | CM161: =CL161 | CN161: =CM161 | CP161: =CN161 | CR161: =CQ161 | CS161: =CR161 | CT161: =CS161 | CU161: =CT161 | CW161: =CV161 | CX161: =CW161 | CY161: =CX161 | CZ161: =CY161 | DA161: =CZ161 | DB161: =DA161 | DD161: =DC161
A162: {[][<]c1ccc(cc1)S[>][]} | B162: {[][>]c(cc1)ccc1S[<][]} | C162: Poly[thio(p-phenylene)] | D162: Bicerano's Book | E162: Single Object | G162: =F162 | H162: =F162 | I162: =F162 | J162: =F162 | P162: =O162 | Q162: =O162 | R162: =O162 | S162: =O162 | T162: =O162 | U162: =O162 | W162: =V162 | X162: =V162 | Y162: =V162 | Z162: =V162 | AA162: =V162 | AB162: =V162 | AD162: =AC162 | AE162: =AC162 | AF162: =AC162 | AG162: =AC162 | AI162: =AH162 | AJ162: =AI162 | AK162: =AJ162 | AL162: =AK162 | AN162: =AM162 | AO162: =AM162 | AP162: =AO162 | AQ162: =AP162 | AR162: =AQ162 | AS162: =AR162 | AT162: =AS162 | AU162: =AT162 | AW162: =AV162 | AX162: =AW162 | AY162: =AX162 | AZ162: =AY162 | BB162: =BA162 | BC162: =BA162 | BD162: =BA162 | BF162: =BE162 | BG162: =BF162 | BH162: =BG162 | BI162: =BH162 | BJ162: =BI162 | BM162: =BL162 | BN162: =BM162 | BO162: =BN162 | BQ162: =BP162 | BR162: =BQ162 | BS162: =BR162 | BT162: =BS162 | BV162: =BU162 | BX162: =BV162 | BY162: =BV162 | CA162: =BZ162 | CB162: =CA162 | CC162: =CB162 | CE162: =CD162 | CF162: =CE162 | CI162: =CG162 | CJ162: =CH162 | CK162: =CI162 | CM162: =CL162 | CN162: =CM162 | CP162: =CN162 | CR162: =CQ162 | CS162: =CR162 | CT162: =CS162 | CU162: =CT162 | CW162: =CV162 | CX162: =CW162 | CY162: =CX162 | CZ162: =CY162 | DA162: =CZ162 | DB162: =DA162 | DD162: =DC162
A163: {[][$]CC(c1ccc(C(C)C)cc1)[$][]} | B163: {[][>]CC(c(cc2)ccc2C(C)C)[<],[>]C(c(cc1)ccc1C(C)C)C[<][]} | C163: Poly(p-isopropyl styrene) | D163: Bicerano's Book | E163: Single Object | G163: =F163 | H163: =F163 | I163: =F163 | J163: =F163 | P163: =O163 | Q163: =O163 | R163: =O163 | S163: =O163 | T163: =O163 | U163: =O163 | W163: =V163 | X163: =V163 | Y163: =V163 | Z163: =V163 | AA163: =V163 | AB163: =V163 | AD163: =AC163 | AE163: =AC163 | AF163: =AC163 | AG163: =AC163 | AI163: =AH163 | AJ163: =AI163 | AK163: =AJ163 | AL163: =AK163 | AN163: =AM163 | AO163: =AM163 | AP163: =AO163 | AQ163: =AP163 | AR163: =AQ163 | AS163: =AR163 | AT163: =AS163 | AU163: =AT163 | AW163: =AV163 | AX163: =AW163 | AY163: =AX163 | AZ163: =AY163 | BB163: =BA163 | BC163: =BA163 | BD163: =BA163 | BF163: =BE163 | BG163: =BF163 | BH163: =BG163 | BI163: =BH163 | BJ163: =BI163 | BM163: =BL163 | BN163: =BM163 | BO163: =BN163 | BQ163: =BP163 | BR163: =BQ163 | BS163: =BR163 | BT163: =BS163 | BV163: =BU163 | BX163: =BV163 | BY163: =BV163 | CA163: =BZ163 | CB163: =CA163 | CC163: =CB163 | CE163: =CD163 | CF163: =CE163 | CI163: =CG163 | CJ163: =CH163 | CK163: =CI163 | CM163: =CL163 | CN163: =CM163 | CP163: =CN163 | CR163: =CQ163 | CS163: =CR163 | CT163: =CS163 | CU163: =CT163 | CW163: =CV163 | CX163: =CW163 | CY163: =CX163 | CZ163: =CY163 | DA163: =CZ163 | DB163: =DA163 | DD163: =DC163
A164: {[][$]CC(c1c(C)ccc(C(C)(C)C)c1)[$][]} | B164: {[][>]CC(c(cc(c2)C(C)(C)C)c(c2)C)[<],[>]C(c(cc(c1)C(C)(C)C)c(c1)C)C[<][]} | C164: Poly(2-methyl-5-t-butyl styrene) | D164: Bicerano's Book | E164: Single Object | G164: =F164 | H164: =F164 | I164: =F164 | J164: =F164 | P164: =O164 | Q164: =O164 | R164: =O164 | S164: =O164 | T164: =O164 | U164: =O164 | W164: =V164 | X164: =V164 | Y164: =V164 | Z164: =V164 | AA164: =V164 | AB164: =V164 | AD164: =AC164 | AE164: =AC164 | AF164: =AC164 | AG164: =AC164 | AI164: =AH164 | AJ164: =AI164 | AK164: =AJ164 | AL164: =AK164 | AN164: =AM164 | AO164: =AM164 | AP164: =AO164 | AQ164: =AP164 | AR164: =AQ164 | AS164: =AR164 | AT164: =AS164 | AU164: =AT164 | AW164: =AV164 | AX164: =AW164 | AY164: =AX164 | AZ164: =AY164 | BB164: =BA164 | BC164: =BA164 | BD164: =BA164 | BF164: =BE164 | BG164: =BF164 | BH164: =BG164 | BI164: =BH164 | BJ164: =BI164 | BM164: =BL164 | BN164: =BM164 | BO164: =BN164 | BQ164: =BP164 | BR164: =BQ164 | BS164: =BR164 | BT164: =BS164 | BV164: =BU164 | BX164: =BV164 | BY164: =BV164 | CA164: =BZ164 | CB164: =CA164 | CC164: =CB164 | CE164: =CD164 | CF164: =CE164 | CI164: =CG164 | CJ164: =CH164 | CK164: =CI164 | CM164: =CL164 | CN164: =CM164 | CP164: =CN164 | CR164: =CQ164 | CS164: =CR164 | CT164: =CS164 | CU164: =CT164 | CW164: =CV164 | CX164: =CW164 | CY164: =CX164 | CZ164: =CY164 | DA164: =CZ164 | DB164: =DA164 | DD164: =DC164
A165: {[][$]CC(c1ccc(OC)cc1)[$][]} | B165: {[][>]CC(c(cc2)ccc2OC)[<],[>]C(c(cc1)ccc1OC)C[<][]} | C165: Poly(p-methoxy styrene) | D165: Bicerano's Book | E165: Single Object | G165: =F165 | H165: =F165 | I165: =F165 | J165: =F165 | P165: =O165 | Q165: =O165 | R165: =O165 | S165: =O165 | T165: =O165 | U165: =O165 | W165: =V165 | X165: =V165 | Y165: =V165 | Z165: =V165 | AA165: =V165 | AB165: =V165 | AD165: =AC165 | AE165: =AC165 | AF165: =AC165 | AG165: =AC165 | AI165: =AH165 | AJ165: =AI165 | AK165: =AJ165 | AL165: =AK165 | AN165: =AM165 | AO165: =AM165 | AP165: =AO165 | AQ165: =AP165 | AR165: =AQ165 | AS165: =AR165 | AT165: =AS165 | AU165: =AT165 | AW165: =AV165 | AX165: =AW165 | AY165: =AX165 | AZ165: =AY165 | BB165: =BA165 | BC165: =BA165 | BD165: =BA165 | BF165: =BE165 | BG165: =BF165 | BH165: =BG165 | BI165: =BH165 | BJ165: =BI165 | BM165: =BL165 | BN165: =BM165 | BO165: =BN165 | BQ165: =BP165 | BR165: =BQ165 | BS165: =BR165 | BT165: =BS165 | BV165: =BU165 | BX165: =BV165 | BY165: =BV165 | CA165: =BZ165 | CB165: =CA165 | CC165: =CB165 | CE165: =CD165 | CF165: =CE165 | CI165: =CG165 | CJ165: =CH165 | CK165: =CI165 | CM165: =CL165 | CN165: =CM165 | CP165: =CN165 | CR165: =CQ165 | CS165: =CR165 | CT165: =CS165 | CU165: =CT165 | CW165: =CV165 | CX165: =CW165 | CY165: =CX165 | CZ165: =CY165 | DA165: =CZ165 | DB165: =DA165 | DD165: =DC165
A166: {[][$]CC(C(=O)OC(C)C)(Cl)[$][]} | B166: {[][>]CC(Cl)(C(OC(C)C)=O)[<],[>]C(Cl)(C(OC(C)C)=O)C[<][]} | C166: Poly(isopropyl α-chloroacrylate) | D166: Bicerano's Book | E166: Single Object | G166: =F166 | H166: =F166 | I166: =F166 | J166: =F166 | P166: =O166 | Q166: =O166 | R166: =O166 | S166: =O166 | T166: =O166 | U166: =O166 | W166: =V166 | X166: =V166 | Y166: =V166 | Z166: =V166 | AA166: =V166 | AB166: =V166 | AD166: =AC166 | AE166: =AC166 | AF166: =AC166 | AG166: =AC166 | AI166: =AH166 | AJ166: =AI166 | AK166: =AJ166 | AL166: =AK166 | AN166: =AM166 | AO166: =AM166 | AP166: =AO166 | AQ166: =AP166 | AR166: =AQ166 | AS166: =AR166 | AT166: =AS166 | AU166: =AT166 | AW166: =AV166 | AX166: =AW166 | AY166: =AX166 | AZ166: =AY166 | BB166: =BA166 | BC166: =BA166 | BD166: =BA166 | BF166: =BE166 | BG166: =BF166 | BH166: =BG166 | BI166: =BH166 | BJ166: =BI166 | BM166: =BL166 | BN166: =BM166 | BO166: =BN166 | BQ166: =BP166 | BR166: =BQ166 | BS166: =BR166 | BT166: =BS166 | BV166: =BU166 | BX166: =BV166 | BY166: =BV166 | CA166: =BZ166 | CB166: =CA166 | CC166: =CB166 | CE166: =CD166 | CF166: =CE166 | CI166: =CG166 | CJ166: =CH166 | CK166: =CI166 | CM166: =CL166 | CN166: =CM166 | CP166: =CN166 | CR166: =CQ166 | CS166: =CR166 | CT166: =CS166 | CU166: =CT166 | CW166: =CV166 | CX166: =CW166 | CY166: =CX166 | CZ166: =CY166 | DA166: =CZ166 | DB166: =DA166 | DD166: =DC166
... A179: {[][$]C(Cl)(F)C(F)(F)[$][]} | B179: {[][>]C(Cl)(F)C(F)(F)[<],[>]C(F)(F)C(Cl)(F)[<][]} | C179: Polychlorotrifluoroethylene | D179: Bicerano's Book | E179: Single Object | G179: =F179 | H179: =F179 | I179: =F179 | J179: =F179 | P179: =O179 | Q179: =O179 | R179: =O179 | S179: =O179 | T179: =O179 | U179: =O179 | W179: =V179 | X179: =V179 | Y179: =V179 | Z179: =V179 | AA179: =V179 | AB179: =V179 | AD179: =AC179 | AE179: =AC179 | AF179: =AC179 | AG179: =AC179 | AI179: =AH179 | AJ179: =AI179 | AK179: =AJ179 | AL179: =AK179 | AN179: =AM179 | AO179: =AM179 | AP179: =AO179 | AQ179: =AP179 | AR179: =AQ179 | AS179: =AR179 | AT179: =AS179 | AU179: =AT179 | AW179: =AV179 | AX179: =AW179 | AY179: =AX179 | AZ179: =AY179 | BB179: =BA179 | BC179: =BA179 | BD179: =BA179 | BF179: =BE179 | BG179: =BF179 | BH179: =BG179 | BI179: =BH179 | BJ179: =BI179 | BM179: =BL179 | BN179: =BM179 | BO179: =BN179 | BQ179: =BP179 | BR179: =BQ179 | BS179: =BR179 | BT179: =BS179 | BV179: =BU179 | BX179: =BV179 | BY179: =BV179 | CA179: =BZ179 | CB179: =CA179 | CC179: =CB179 | CE179: =CD179 | CF179: =CE179 | CI179: =CG179 | CJ179: =CH179 | CK179: =CI179 | CM179: =CL179 | CN179: =CM179 | CP179: =CN179 | CR179: =CQ179 | CS179: =CR179 | CT179: =CS179 | CU179: =CT179 | CW179: =CV179 | CX179: =CW179 | CY179: =CX179 | CZ179: =CY179 | DA179: =CZ179 | DB179: =DA179 | DD179: =DC179
A180: {[][$]CC(c1ccccc1)[$][]} | B180: {[][>]CC(c(cc2)ccc2)[<],[>]C(c(cc1)ccc1)C[<][]} | C180: Polystyrene | D180: Bicerano's Book | E180: Single Object | G180: =F180 | H180: =F180 | I180: =F180 | J180: =F180 | P180: =O180 | Q180: =O180 | R180: =O180 | S180: =O180 | T180: =O180 | U180: =O180 | W180: =V180 | X180: =V180 | Y180: =V180 | Z180: =V180 | AA180: =V180 | AB180: =V180 | AD180: =AC180 | AE180: =AC180 | AF180: =AC180 | AG180: =AC180 | AI180: =AH180 | AJ180: =AI180 | AK180: =AJ180 | AL180: =AK180 | AM180: 1 | AN180: =AM180 | AO180: =AM180 | AP180: =AO180 | AQ180: =AP180 | AR180: =AQ180 | AS180: =AR180 | AT180: =AS180 | AU180: =AT180 | AW180: =AV180 | AX180: =AW180 | AY180: =AX180 | AZ180: =AY180 | BB180: =BA180 | BC180: =BA180 | BD180: =BA180 | BF180: =BE180 | BG180: =BF180 | BH180: =BG180 | BI180: =BH180 | BJ180: =BI180 | BM180: =BL180 | BN180: =BM180 | BO180: =BN180 | BQ180: =BP180 | BR180: =BQ180 | BS180: =BR180 | BT180: =BS180 | BV180: =BU180 | BX180: =BV180 | BY180: =BV180 | CA180: =BZ180 | CB180: =CA180 | CC180: =CB180 | CE180: =CD180 | CF180: =CE180 | CI180: =CG180 | CJ180: =CH180 | CK180: =CI180 | CM180: =CL180 | CN180: =CM180 | CP180: =CN180 | CR180: =CQ180 | CS180: =CR180 | CT180: =CS180 | CU180: =CT180 | CW180: =CV180 | CX180: =CW180 | CY180: =CX180 | CZ180: =CY180 | DA180: =CZ180 | DB180: =DA180 | DD180: =DC180
A181: {[][$]CC(c1ccc(C)cc1)[$][]} | B181: {[][>]CC(c(cc2)ccc2C)[<],[>]C(c(cc1)ccc1C)C[<][]} | C181: Poly(p-methyl styrene) | D181: Bicerano's Book | E181: Single Object | G181: =F181 | H181: =F181 | I181: =F181 | J181: =F181 | P181: =O181 | Q181: =O181 | R181: =O181 | S181: =O181 | T181: =O181 | U181: =O181 | W181: =V181 | X181: =V181 | Y181: =V181 | Z181: =V181 | AA181: =V181 | AB181: =V181 | AD181: =AC181 | AE181: =AC181 | AF181: =AC181 | AG181: =AC181 | AI181: =AH181 | AJ181: =AI181 | AK181: =AJ181 | AL181: =AK181 | AN181: =AM181 | AO181: =AM181 | AP181: =AO181 | AQ181: =AP181 | AR181: =AQ181 | AS181: =AR181 | AT181: =AS181 | AU181: =AT181 | AW181: =AV181 | AX181: =AW181 | AY181: =AX181 | AZ181: =AY181 | BB181: =BA181 | BC181: =BA181 | BD181: =BA181 | BF181: =BE181 | BG181: =BF181 | BH181: =BG181 | BI181: =BH181 | BJ181: =BI181 | BM181: =BL181 | BN181: =BM181 | BO181: =BN181 | BQ181: =BP181 | BR181: =BQ181 | BS181: =BR181 | BT181: =BS181 | BV181: =BU181 | BX181: =BV181 | BY181: =BV181 | CA181: =BZ181 | CB181: =CA181 | CC181: =CB181 | CE181: =CD181 | CF181: =CE181 | CI181: =CG181 | CJ181: =CH181 | CK181: =CI181 | CM181: =CL181 | CN181: =CM181 | CP181: =CN181 | CR181: =CQ181 | CS181: =CR181 | CT181: =CS181 | CU181: =CT181 | CW181: =CV181 | CX181: =CW181 | CY181: =CX181 | CZ181: =CY181 | DA181: =CZ181 | DB181: =DA181 | DD181: =DC181
A182: {[][$]CC(c1c(F)ccc(F)c1)[$][]} | B182: {[][>]CC(c(cc2F)c(cc2)F)[<],[>]C(c(cc1F)c(cc1)F)C[<][]} | C182: Poly(2,5-difluoro styrene) | D182: Bicerano's Book | E182: Single Object | G182: =F182 | H182: =F182 | I182: =F182 | J182: =F182 | P182: =O182 | Q182: =O182 | R182: =O182 | S182: =O182 | T182: =O182 | U182: =O182 | W182: =V182 | X182: =V182 | Y182: =V182 | Z182: =V182 | AA182: =V182 | AB182: =V182 | AD182: =AC182 | AE182: =AC182 | AF182: =AC182 | AG182: =AC182 | AI182: =AH182 | AJ182: =AI182 | AK182: =AJ182 | AL182: =AK182 | AN182: =AM182 | AO182: =AM182 | AP182: =AO182 | AQ182: =AP182 | AR182: =AQ182 | AS182: =AR182 | AT182: =AS182 | AU182: =AT182 | AW182: =AV182 | AX182: =AW182 | AY182: =AX182 | AZ182: =AY182 | BB182: =BA182 | BC182: =BA182 | BD182: =BA182 | BF182: =BE182 | BG182: =BF182 | BH182: =BG182 | BI182: =BH182 | BJ182: =BI182 | BM182: =BL182 | BN182: =BM182 | BO182: =BN182 | BQ182: =BP182 | BR182: =BQ182 | BS182: =BR182 | BT182: =BS182 | BV182: =BU182 | BX182: =BV182 | BY182: =BV182 | CA182: =BZ182 | CB182: =CA182 | CC182: =CB182 | CE182: =CD182 | CF182: =CE182 | CI182: =CG182 | CJ182: =CH182 | CK182: =CI182 | CM182: =CL182 | CN182: =CM182 | CP182: =CN182 | CR182: =CQ182 | CS182: =CR182 | CT182: =CS182 | CU182: =CT182 | CW182: =CV182 | CX182: =CW182 | CY182: =CX182 | CZ182: =CY182 | DA182: =CZ182 | DB182: =DA182 | DD182: =DC182
A183: {[][$]CC(c1c(CC)cccc1)[$][]} | B183: {[][>]CC(c(ccc2)c(c2)CC)[<],[>]C(c(ccc1)c(c1)CC)C[<][]} | C183: Poly(o-ethyl styrene) | D183: Bicerano's Book | E183: Single Object | G183: =F183 | H183: =F183 | I183: =F183 | J183: =F183 | P183: =O183 | Q183: =O183 | R183: =O183 | S183: =O183 | T183: =O183 | U183: =O183 | W183: =V183 | X183: =V183 | Y183: =V183 | Z183: =V183 | AA183: =V183 | AB183: =V183 | AD183: =AC183 | AE183: =AC183 | AF183: =AC183 | AG183: =AC183 | AI183: =AH183 | AJ183: =AI183 | AK183: =AJ183 | AL183: =AK183 | AN183: =AM183 | AO183: =AM183 | AP183: =AO183 | AQ183: =AP183 | AR183: =AQ183 | AS183: =AR183 | AT183: =AS183 | AU183: =AT183 | AW183: =AV183 | AX183: =AW183 | AY183: =AX183 | AZ183: =AY183 | BB183: =BA183 | BC183: =BA183 | BD183: =BA183 | BF183: =BE183 | BG183: =BF183 | BH183: =BG183 | BI183: =BH183 | BJ183: =BI183 | BM183: =BL183 | BN183: =BM183 | BO183: =BN183 | BQ183: =BP183 | BR183: =BQ183 | BS183: =BR183 | BT183: =BS183 | BV183: =BU183 | BX183: =BV183 | BY183: =BV183 | CA183: =BZ183 | CB183: =CA183 | CC183: =CB183 | CE183: =CD183 | CF183: =CE183 | CI183: =CG183 | CJ183: =CH183 | CK183: =CI183 | CM183: =CL183 | CN183: =CM183 | CP183: =CN183 | CR183: =CQ183 | CS183: =CR183 | CT183: =CS183 | CU183: =CT183 | CW183: =CV183 | CX183: =CW183 | CY183: =CX183 | CZ183: =CY183 | DA183: =CZ183 | DB183: =DA183 | DD183: =DC183
A184: {[][$]CC(c1cc(C)cc(C)c1)[$][]} | B184: {[][>]CC(c(cc2C)cc(c2)C)[<],[>]C(c(cc1C)cc(c1)C)C[<][]} | C184: Poly(3,5-dimethyl styrene) | D184: Bicerano's Book | E184: Single Object | G184: =F184 | H184: =F184 | I184: =F184 | J184: =F184 | P184: =O184 | Q184: =O184 | R184: =O184 | S184: =O184 | T184: =O184 | U184: =O184 | W184: =V184 | X184: =V184 | Y184: =V184 | Z184: =V184 | AA184: =V184 | AB184: =V184 | AD184: =AC184 | AE184: =AC184 | AF184: =AC184 | AG184: =AC184 | AI184: =AH184 | AJ184: =AI184 | AK184: =AJ184 | AL184: =AK184 | AN184: =AM184 | AO184: =AM184 | AP184: =AO184 | AQ184: =AP184 | AR184: =AQ184 | AS184: =AR184 | AT184: =AS184 | AU184: =AT184 | AW184: =AV184 | AX184: =AW184 | AY184: =AX184 | AZ184: =AY184 | BB184: =BA184 | BC184: =BA184 | BD184: =BA184 | BF184: =BE184 | BG184: =BF184 | BH184: =BG184 | BI184: =BH184 | BJ184: =BI184 | BM184: =BL184 | BN184: =BM184 | BO184: =BN184 | BQ184: =BP184 | BR184: =BQ184 | BS184: =BR184 | BT184: =BS184 | BV184: =BU184 | BX184: =BV184 | BY184: =BV184 | CA184: =BZ184 | CB184: =CA184 | CC184: =CB184 | CE184: =CD184 | CF184: =CE184 | CI184: =CG184 | CJ184: =CH184 | CK184: =CI184 | CM184: =CL184 | CN184: =CM184 | CP184: =CN184 | CR184: =CQ184 | CS184: =CR184 | CT184: =CS184 | CU184: =CT184 | CW184: =CV184 | CX184: =CW184 | CY184: =CX184 | CZ184: =CY184 | DA184: =CZ184 | DB184: =DA184 | DD184: =DC184
A185: {[][$]CC(C)(C(=O)OC1CCCCC1)[$][]} | B185: {[][>]CC(C(=O)OC(CC2)CCC2)(C)[<],[>]C(C(=O)OC(CC1)CCC1)(C)C[<][]} | C185: Poly(cyclohexyl methacrylate) | D185: Bicerano's Book | E185: Single Object | G185: =F185 | H185: =F185 | I185: =F185 | J185: =F185 | P185: =O185 | Q185: =O185 | R185: =O185 | S185: =O185 | T185: =O185 | U185: =O185 | W185: =V185 | X185: =V185 | Y185: =V185 | Z185: =V185 | AA185: =V185 | AB185: =V185 | AD185: =AC185 | AE185: =AC185 | AF185: =AC185 | AG185: =AC185 | AI185: =AH185 | AJ185: =AI185 | AK185: =AJ185 | AL185: =AK185 | AN185: =AM185 | AO185: =AM185 | AP185: =AO185 | AQ185: =AP185 | AR185: =AQ185 | AS185: =AR185 | AT185: =AS185 | AU185: =AT185 | AW185: =AV185 | AX185: =AW185 | AY185: =AX185 | AZ185: =AY185 | BB185: =BA185 | BC185: =BA185 | BD185: =BA185 | BF185: =BE185 | BG185: =BF185 | BH185: =BG185 | BI185: =BH185 | BJ185: =BI185 | BM185: =BL185 | BN185: =BM185 | BO185: =BN185 | BQ185: =BP185 | BR185: =BQ185 | BS185: =BR185 | BT185: =BS185 | BV185: =BU185 | BX185: =BV185 | BY185: =BV185 | CA185: =BZ185 | CB185: =CA185 | CC185: =CB185 | CE185: =CD185 | CF185: =CE185 | CI185: =CG185 | CJ185: =CH185 | CK185: =CI185 | CM185: =CL185 | CN185: =CM185 | CP185: =CN185 | CR185: =CQ185 | CS185: =CR185 | CT185: =CS185 | CU185: =CT185 | CW185: =CV185 | CX185: =CW185 | CY185: =CX185 | CZ185: =CY185 | DA185: =CZ185 | DB185: =DA185 | DD185: =DC185
A186: {[][$]CC(c1ncccc1)[$][]} | B186: {[][>]CC(c(nc2)ccc2)[<],[>]C(c(nc1)ccc1)C[<][]} | C186: Poly(o-vinyl pyridine) | D186: Bicerano's Book | E186: Single Object | G186: =F186 | H186: =F186 | I186: =F186 | J186: =F186 | P186: =O186 | Q186: =O186 | R186: =O186 | S186: =O186 | T186: =O186 | U186: =O186 | W186: =V186 | X186: =V186 | Y186: =V186 | Z186: =V186 | AA186: =V186 | AB186: =V186 | AD186: =AC186 | AE186: =AC186 | AF186: =AC186 | AG186: =AC186 | AI186: =AH186 | AJ186: =AI186 | AK186: =AJ186 | AL186: =AK186 | AN186: =AM186 | AO186: =AM186 | AP186: =AO186 | AQ186: =AP186 | AR186: =AQ186 | AS186: =AR186 | AT186: =AS186 | AU186: =AT186 | AW186: =AV186 | AX186: =AW186 | AY186: =AX186 | AZ186: =AY186 | BB186: =BA186 | BC186: =BA186 | BD186: =BA186 | BF186: =BE186 | BG186: =BF186 | BH186: =BG186 | BI186: =BH186 | BJ186: =BI186 | BM186: =BL186 | BN186: =BM186 | BO186: =BN186 | BQ186: =BP186 | BR186: =BQ186 | BS186: =BR186 | BT186: =BS186 | BV186: =BU186 | BX186: =BV186 | BY186: =BV186 | CA186: =BZ186 | CB186: =CA186 | CC186: =CB186 | CE186: =CD186 | CF186: =CE186 | CI186: =CG186 | CJ186: =CH186 | CK186: =CI186 | CM186: =CL186 | CN186: =CM186 | CP186: =CN186 | CR186: =CQ186 | CS186: =CR186 | CT186: =CS186 | CU186: =CT186 | CW186: =CV186 | CX186: =CW186 | CY186: =CX186 | CZ186: =CY186 | DA186: =CZ186 | DB186: =DA186 | DD186: =DC186
A187: {[][$]CC(C)(C(=O)OC)[$][]} | B187: {[][>]CC(C)(C(OC)=O)[<],[>]C(C)(C(OC)=O)C[<][]} | C187: Poly(methyl methacrylate) | D187: Bicerano's Book | E187: Single Object | G187: =F187 | H187: =F187 | I187: =F187 | J187: =F187 | P187: =O187 | Q187: =O187 | R187: =O187 | S187: =O187 | T187: =O187 | U187: =O187 | W187: =V187 | X187: =V187 | Y187: =V187 | Z187: =V187 | AA187: =V187 | AB187: =V187 | AD187: =AC187 | AE187: =AC187 | AF187: =AC187 | AG187: =AC187 | AI187: =AH187 | AJ187: =AI187 | AK187: =AJ187 | AL187: =AK187 | AN187: =AM187 | AO187: =AM187 | AP187: =AO187 | AQ187: =AP187 | AR187: =AQ187 | AS187: =AR187 | AT187: =AS187 | AU187: =AT187 | AW187: =AV187 | AX187: =AW187 | AY187: =AX187 | AZ187: =AY187 | BB187: =BA187 | BC187: =BA187 | BD187: =BA187 | BF187: =BE187 | BG187: =BF187 | BH187: =BG187 | BI187: =BH187 | BJ187: =BI187 | BM187: =BL187 | BN187: =BM187 | BO187: =BN187 | BQ187: =BP187 | BR187: =BQ187 | BS187: =BR187 | BT187: =BS187 | BV187: =BU187 | BX187: =BV187 | BY187: =BV187 | CA187: =BZ187 | CB187: =CA187 | CC187: =CB187 | CE187: =CD187 | CF187: =CE187 | CI187: =CG187 | CJ187: =CH187 | CK187: =CI187 | CM187: =CL187 | CN187: =CM187 | CP187: =CN187 | CR187: =CQ187 | CS187: =CR187 | CT187: =CS187 | CU187: =CT187 | CW187: =CV187 | CX187: =CW187 | CY187: =CX187 | CZ187: =CY187 | DA187: =CZ187 | DB187: =DA187 | DD187: =DC187
A188: {[][$]CC(C#N)[$][]} | B188: {[][>]CC(C#N)[<],[>]C(C#N)C[<][]} | C188: Polyacrylonitrile | D188: Bicerano's Book | E188: Single Object | G188: =F188 | H188: =F188 | I188: =F188 | J188: =F188 | P188: =O188 | Q188: =O188 | R188: =O188 | S188: =O188 | T188: =O188 | U188: =O188 | W188: =V188 | X188: =V188 | Y188: =V188 | Z188: =V188 | AA188: =V188 | AB188: =V188 | AD188: =AC188 | AE188: =AC188 | AF188: =AC188 | AG188: =AC188 | AI188: =AH188 | AJ188: =AI188 | AK188: =AJ188 | AL188: =AK188 | AN188: =AM188 | AO188: =AM188 | AP188: =AO188 | AQ188: =AP188 | AR188: =AQ188 | AS188: =AR188 | AT188: =AS188 | AU188: =AT188 | AW188: =AV188 | AX188: =AW188 | AY188: =AX188 | AZ188: =AY188 | BB188: =BA188 | BC188: =BA188 | BD188: =BA188 | BF188: =BE188 | BG188: =BF188 | BH188: =BG188 | BI188: =BH188 | BJ188: =BI188 | BM188: =BL188 | BN188: =BM188 | BO188: =BN188 | BQ188: =BP188 | BR188: =BQ188 | BS188: =BR188 | BT188: =BS188 | BV188: =BU188 | BX188: =BV188 | BY188: =BV188 | CA188: =BZ188 | CB188: =CA188 | CC188: =CB188 | CE188: =CD188 | CF188: =CE188 | CI188: =CG188 | CJ188: =CH188 | CK188: =CI188 | CM188: =CL188 | CN188: =CM188 | CP188: =CN188 | CR188: =CQ188 | CS188: =CR188 | CT188: =CS188 | CU188: =CT188 | CW188: =CV188 | CX188: =CW188 | CY188: =CX188 | CZ188: =CY188 | DA188: =CZ188 | DB188: =DA188 | DD188: =DC188
A189: {[][<]C1CC(OCO1)C[>][]} | B189: {[][>]CC(OCO1)CC1[<][]} | C189: Poly(vinyl formal) | D189: Bicerano's Book | E189: Single Object | G189: =F189 | H189: =F189 | I189: =F189 | J189: =F189 | P189: =O189 | Q189: =O189 | R189: =O189 | S189: =O189 | T189: =O189 | U189: =O189 | W189: =V189 | X189: =V189 | Y189: =V189 | Z189: =V189 | AA189: =V189 | AB189: =V189 | AD189: =AC189 | AE189: =AC189 | AF189: =AC189 | AG189: =AC189 | AI189: =AH189 | AJ189: =AI189 | AK189: =AJ189 | AL189: =AK189 | AN189: =AM189 | AO189: =AM189 | AP189: =AO189 | AQ189: =AP189 | AR189: =AQ189 | AS189: =AR189 | AT189: =AS189 | AU189: =AT189 | AW189: =AV189 | AX189: =AW189 | AY189: =AX189 | AZ189: =AY189 | BB189: =BA189 | BC189: =BA189 | BD189: =BA189 | BF189: =BE189 | BG189: =BF189 | BH189: =BG189 | BI189: =BH189 | BJ189: =BI189 | BM189: =BL189 | BN189: =BM189 | BO189: =BN189 | BQ189: =BP189 | BR189: =BQ189 | BS189: =BR189 | BT189: =BS189 | BV189: =BU189 | BX189: =BV189 | BY189: =BV189 | CA189: =BZ189 | CB189: =CA189 | CC189: =CB189 | CE189: =CD189 | CF189: =CE189 | CI189: =CG189 | CJ189: =CH189 | CK189: =CI189 | CM189: =CL189 | CN189: =CM189 | CP189: =CN189 | CR189: =CQ189 | CS189: =CR189 | CT189: =CS189 | CU189: =CT189 | CW189: =CV189 | CX189: =CW189 | CY189: =CX189 | CZ189: =CY189 | DA189: =CZ189 | DB189: =DA189 | DD189: =DC189
A190: {[][$]CC(c1c(F)cccc1)[$][]} | B190: {[][>]CC(c(ccc2)c(c2)F)[<],[>]C(c(ccc1)c(c1)F)C[<][]} | C190: Poly(o-fluoro styrene) | D190: Bicerano's Book | E190: Single Object | G190: =F190 | H190: =F190 | I190: =F190 | J190: =F190 | P190: =O190 | Q190: =O190 | R190: =O190 | S190: =O190 | T190: =O190 | U190: =O190 | W190: =V190 | X190: =V190 | Y190: =V190 | Z190: =V190 | AA190: =V190 | AB190: =V190 | AD190: =AC190 | AE190: =AC190 | AF190: =AC190 | AG190: =AC190 | AI190: =AH190 | AJ190: =AI190 | AK190: =AJ190 | AL190: =AK190 | AN190: =AM190 | AO190: =AM190 | AP190: =AO190 | AQ190: =AP190 | AR190: =AQ190 | AS190: =AR190 | AT190: =AS190 | AU190: =AT190 | AW190: =AV190 | AX190: =AW190 | AY190: =AX190 | AZ190: =AY190 | BB190: =BA190 | BC190: =BA190 | BD190: =BA190 | BF190: =BE190 | BG190: =BF190 | BH190: =BG190 | BI190: =BH190 | BJ190: =BI190 | BM190: =BL190 | BN190: =BM190 | BO190: =BN190 | BQ190: =BP190 | BR190: =BQ190 | BS190: =BR190 | BT190: =BS190 | BV190: =BU190 | BX190: =BV190 | BY190: =BV190 | CA190: =BZ190 | CB190: =CA190 | CC190: =CB190 | CE190: =CD190 | CF190: =CE190 | CI190: =CG190 | CJ190: =CH190 | CK190: =CI190 | CM190: =CL190 | CN190: =CM190 | CP190: =CN190 | CR190: =CQ190 | CS190: =CR190 | CT190: =CS190 | CU190: =CT190 | CW190: =CV190 | CX190: =CW190 | CY190: =CX190 | CZ190: =CY190 | DA190: =CZ190 | DB190: =DA190 | DD190: =DC190
A191: {[][$]CC(c1c(F)c(F)c(F)c(F)c1F)[$][]} | B191: {[][>]CC(c(c(F)c2F)c(c(c2F)F)F)[<],[>]C(c(c(F)c1F)c(c(c1F)F)F)C[<][]} | C191: Poly(2,3,4,5,6-pentafluoro styrene) | D191: Bicerano's Book | E191: Single Object | G191: =F191 | H191: =F191 | I191: =F191 | J191: =F191 | P191: =O191 | Q191: =O191 | R191: =O191 | S191: =O191 | T191: =O191 | U191: =O191 | W191: =V191 | X191: =V191 | Y191: =V191 | Z191: =V191 | AA191: =V191 | AB191: =V191 | AD191: =AC191 | AE191: =AC191 | AF191: =AC191 | AG191: =AC191 | AI191: =AH191 | AJ191: =AI191 | AK191: =AJ191 | AL191: =AK191 | AN191: =AM191 | AO191: =AM191 | AP191: =AO191 | AQ191: =AP191 | AR191: =AQ191 | AS191: =AR191 | AT191: =AS191 | AU191: =AT191 | AW191: =AV191 | AX191: =AW191 | AY191: =AX191 | AZ191: =AY191 | BB191: =BA191 | BC191: =BA191 | BD191: =BA191 | BF191: =BE191 | BG191: =BF191 | BH191: =BG191 | BI191: =BH191 | BJ191: =BI191 | BM191: =BL191 | BN191: =BM191 | BO191: =BN191 | BQ191: =BP191 | BR191: =BQ191 | BS191: =BR191 | BT191: =BS191 | BV191: =BU191 | BX191: =BV191 | BY191: =BV191 | CA191: =BZ191 | CB191: =CA191 | CC191: =CB191 | CE191: =CD191 | CF191: =CE191 | CI191: =CG191 | CJ191: =CH191 | CK191: =CI191 | CM191: =CL191 | CN191: =CM191 | CP191: =CN191 | CR191: =CQ191 | CS191: =CR191 | CT191: =CS191 | CU191: =CT191 | CW191: =CV191 | CX191: =CW191 | CY191: =CX191 | CZ191: =CY191 | DA191: =CZ191 | DB191: =DA191 | DD191: =DC191
...

Sheet Block
A1: ='Single Object'!A1 | B1: Single Object Canonicalized | C1: ='Single Object'!C1 | D1: ='Single Object'!D1 | E1: ='Single Object'!E1 | F1: {[][$]CC(c1ccccc1)[$][$]}{[>][<][Si](C)(C)O[>][]} | G1: {[][$]CC([$])c1ccccc1[$]}{[>][<][Si](C)(C)O[>][]} | H1: {[][<][Si](C)(C)O[>][>]}{[$][$]CC(c1ccccc1)[$][]} | I1: {[][$]CC(c5ccccc5)[$][$]}{[>][<][Si](C)(C)O[>][]} | J1: COCCOCCO{[>][<]CCO[>][<]}{[>][<]C(CC)CO[>][<]}[H] | K1: {[][<]CCO[>];[>]OCCOCCOC[<]}{[>][<]C(CC)CO[>][<]}[H] | L1: COCCOC{[>][<]COC[>][<]}CO{[>][<]C(CC)CO[>][<]}[H] | M1: COCCO{[>][<]CCO[>][<]}CCO{[>][<]C(CC)CO[>][<]}[H] | N1: COCCO{[>][<]CCO[>],[<]CCO[>2],[<2]C(CC)CO[>2][<2]}[H] | O1: COCCO{[>][<]CCO[>2],[<]CCO[>],[<2]C(CC)CO[>2][<2]}[H] | P1: {[][<]CCO[>2],[<]CCO[>],[<2]C(CC)CO[>2];[>]OCCOC[<2]}[H] | Q1: [H]{[>][<]OCC(CC)[>][<]}{[>][<]OCC[>][<]}OCCOCCOC | R1: [H]{[>][>]CC(C)OC(=O)O[<][<]}OCC{[$][$]CC(c1ccccc1)[$][$]}C(C)CC | S1: CCC(C){[$][$]CC(c1ccccc1)[$][$]}CCO{[>][<]CC(C)OC(=O)O[>][<]} | T1: [H]{[>][>]CC(C)OC(=O)O[<];[<]OCC{[$][$]CC(c1ccccc1)[$][$]}C(C)CC[]} | U1: {[][<]OCC[>][<]}{[<][>]OC(C)C[<][>]}{[>][<]OCC[>][]} | V1: {[][<]OCC[>][<]}{[<][>]OC(C)C[<][>]}{[>][<]OCC[>][<]} | W1: {[][<]CCO[>][<]}{[>][<]CC(C)O[>][<]}{[>][<]CCO[>][]} | X1: CCC(C){[$][$]CC(c1ccccc1)[$][$]}{[$][$]C\C=C(C)/C[$],[$]C\C=C(C)\C[$],[$]CC(C(C)=C)[$],[$]CC(C)(C=C)[$][$]}{[$][$]CC(c1ccccc1)[$][$]}{[>][<]CCO[>][<]}[H] | Y1: CCC(C){[$][$]CC(c1ccccc1)[$][$]}{[$][$]C\C=C(C)\C[$],[$]C\C=C(C)/C[$],[$]CC(C(C)=C)[$],[$]CC(C)(C=C)[$][$]}{[$][$]CC(c1ccccc1)[$][$]}{[>][<]CCO[>][<]}[H] | Z1: CCC(C){[$][$]CC(c1ccccc1)[$][$]}{[$][$]C\C=C(C)/C[$],[$]C\C=C(C)\C[$],[$]CC(C(C)=C)[$],[$]CC(C)(C=C)[$][$]}{[$][$]CC(c1ccccc1)[$][$]}{[>][<]C[>2],[<2]CO[>][<]}[H] | AA1: {[][$]CC(C1CCCCC1)[$][$]}{[$][$]CC[<2],[>2]C(C)C[$],[$]CC(C(C)C)[$],[$]CC(C)(CC)[$][$]}{[$][$]CC(C1CCCCC1)[$][$]}{[$][$]CCC(C)C[$],[$]CC(C(C)C)[$],[$]CC(C)(CC)[$][$]}{[$][$]CC(C1CCCCC1)[$][$]}{[$][$]CCC(C)C[$],[$]CC(C(C)C)[$],[$]CC(C)(CC)[$][$]}{[$][$]CC(C1CCCCC1)[$][$]}{[$][$]CCC(C)C[$],[$]CC(C(C)C)[$],[$]CC(C)(CC)[$][$]}{[$][$]CC(C1CCCCC1)[$][$]}{[$][$]CCC(C)C[$],[$]CC(C(C)C)[$],[$]CC(C)(CC)[$][$]}{[$][$]CC(C1CCCCC1)[$][]}
F2: Original | G2: change SMILES | H2: flip blocks | I2: change SMILES ring ID | J2: block with initiator | K2: mixed implicit explicit representation | L2: frame shift | M2: frame shift | N2: conversion to single object | O2: rearrangement of RU | P2: implicit/explicit representation | Q2: flipped | R2: block with initiator and linker | S2: flip | T2: implicit/explicit representation | U2: pluronic triblock | V2: no match | W2: flip | X2: SISO tetrablock | Y2: RU rearrangement | Z2: RU split | AA2: split
E3: # of Matches | F3: =COUNTIF(F5:F1000, 1) | G3: =COUNTIF(G5:G1000, 1) | H3: =COUNTIF(H5:H1000, 1) | I3: =COUNTIF(I5:I1000, 1) | J3: =COUNTIF(J5:J1000, 1) | K3: =COUNTIF(K5:K1000, 1) | L3: =COUNTIF(L5:L1000, 1) | M3: =COUNTIF(M5:M1000, 1) | ... AA3: =COUNTIF(AA5:AA1000, 1)
E4: ='Single Object'!E4 | F4: block with no end group | J4: block with initiator | R4: block with initiator and linker | U4: pluronic triblock | X4: SISO tetrablock | AA4: undecablock split
A5: ='Single Object'!A5 | B5: {[][<1][Si](CC)(CC)O[>1][]} | C5: ='Single Object'!C5 | D5: ='Single Object'!D5 | E5: ='Single Object'!E5 | G5: =F5 | H5: =G5 | I5: =H5 | K5: =J5 | L5: =K5 | M5: =L5 | N5: =M5 | O5: =N5 | P5: =O5 | Q5: =P5 | S5: =R5 | T5: =S5 | W5: =U5 | Y5: =X5 | Z5: =Y5
A6: ='Single Object'!A6 | B6: {[][<1][Si](C)(C)O[>1][]} | C6: ='Single Object'!C6 | D6: ='Single Object'!D6 | E6: ='Single Object'!E6 | G6: =F6 | H6: =G6 | I6: =H6 | K6: =J6 | L6: =K6 | M6: =L6 | N6: =M6 | O6: =N6 | P6: =O6 | Q6: =P6 | S6: =R6 | T6: =S6 | W6: =U6 | Y6: =X6 | Z6: =Y6
A7: ='Single Object'!A7 | B7: {[][<1]CC=CC[>1][]} | C7: ='Single Object'!C7 | D7: ='Single Object'!D7 | E7: ='Single Object'!E7 | G7: =F7 | H7: =G7 | I7: =H7 | K7: =J7 | L7: =K7 | M7: =L7 | N7: =M7 | O7: =N7 | P7: =O7 | Q7: =P7 | S7: =R7 | T7: =S7 | W7: =U7 | Y7: =X7 | Z7: =Y7
A8: ='Single Object'!A8 | B8: {[][<1][Si](C)(C)C[>1][]} | C8: ='Single Object'!C8 | D8: ='Single Object'!D8 | E8: ='Single Object'!E8 | G8: =F8 | H8: =G8 | I8: =H8 | K8: =J8 | L8: =K8 | M8: =L8 | N8: =M8 | O8: =N8 | P8: =O8 | Q8: =P8 | S8: =R8 | T8: =S8 | W8: =U8 | Y8: =X8 | Z8: =Y8
A9: ='Single Object'!A9 | B9: {[][<1][Si](C)(c(cc1)ccc1)O[>1][]} | C9: ='Single Object'!C9 | D9: ='Single Object'!D9 | E9: ='Single Object'!E9 | G9: =F9 | H9: =G9 | I9: =H9 | K9: =J9 | L9: =K9 | M9: =L9 | N9: =M9 | O9: =N9 | P9: =O9 | Q9: =P9 | S9: =R9 | T9: =S9 | W9: =U9 | Y9: =X9 | Z9: =Y9
A10: ='Single Object'!A10 | B10: {[][<1]O[>2],[<2]C(COCCCCCC)C[>1],[<2]CC(COCCCCCC)[>1][]} | C10: ='Single Object'!C10 | D10: ='Single Object'!D10 | E10: ='Single Object'!E10 | G10: =F10 | H10: =G10 | I10: =H10 | K10: =J10 | L10: =K10 | M10: =L10 | N10: =M10 | O10: =N10 | P10: =O10 | Q10: =P10 | S10: =R10 | T10: =S10 | W10: =U10 | Y10: =X10 | Z10: =Y10
A11: ='Single Object'!A11 | B11: {[][<1]OCCCC[>1][]} | C11: ='Single Object'!C11 | D11: ='Single Object'!D11 | E11: ='Single Object'!E11 | G11: =F11 | H11: =G11 | I11: =H11 | K11: =J11 | L11: =K11 | M11: =L11 | N11: =M11 | O11: =N11 | P11: =O11 | Q11: =P11 | S11: =R11 | T11: =S11 | W11: =U11 | Y11: =X11 | Z11: =Y11
A12: ='Single Object'!A12 | B12: {[][<1][Si](C)(C)N[>1][]} | C12: ='Single Object'!C12 | D12: ='Single Object'!D12 | E12: ='Single Object'!E12 | G12: =F12 | H12: =G12 | I12: =H12 | K12: =J12 | L12: =K12 | M12: =L12 | N12: =M12 | O12: =N12 | P12: =O12 | Q12: =P12 | S12: =R12 | T12: =S12 | W12: =U12 | Y12: =X12 | Z12: =Y12
A13: ='Single Object'!A13 | B13: {[][<1]C[>2],[<2]C(CCCC)=C[>3],[<2]C=C(CCCC)[>3],[<3]C[>1][]} | C13: ='Single Object'!C13 | D13: ='Single Object'!D13 | E13: ='Single Object'!E13 | G13: =F13 | H13: =G13 | I13: =H13 | K13: =J13 | L13: =K13 | M13: =L13 | N13: =M13 | O13: =N13 | P13: =O13 | Q13: =P13 | S13: =R13 | T13: =S13 | W13: =U13 | Y13: =X13 | Z13: =Y13
A14: ='Single Object'!A14 | B14: {[][$1]C(OCCCCCCCC)C[$1][]} | C14: ='Single Object'!C14 | D14: ='Single Object'!D14 | E14: ='Single Object'!E14 | G14: =F14 | H14: =G14 | I14: =H14 | K14: =J14 | L14: =K14 | M14: =L14 | N14: =M14 | O14: =N14 | P14: =O14 | Q14: =P14 | S14: =R14 | T14: =S14 | W14: =U14 | Y14: =X14 | Z14: =Y14
A15: ='Single Object'!A15 | B15: {[][<1]O[>2],[<2]C(COCCCC)C[>1],[<2]CC(COCCCC)[>1][]} | C15: ='Single Object'!C15 | D15: ='Single Object'!D15 | E15: ='Single Object'!E15 | G15: =F15 | H15: =G15 | I15: =H15 | K15: =J15 | L15: =K15 | M15: =L15 | N15: =M15 | O15: =N15 | P15: =O15 | Q15: =P15 | S15: =R15 | T15: =S15 | W15: =U15 | Y15: =X15 | Z15: =Y15
A16: ='Single Object'!A16 | B16: {[][<1]CC[>1][]} | C16: ='Single Object'!C16 | D16: ='Single Object'!D16 | E16: ='Single Object'!E16 | G16: =F16 | H16: =G16 | I16: =H16 | K16: =J16 | L16: =K16 | M16: =L16 | N16: =M16 | O16: =N16 | P16: =O16 | Q16: =P16 | S16: =R16 | T16: =S16 | W16: =U16 | Y16: =X16 | Z16: =Y16
... A310: ='Single Object'!A310 | B310: {[][<1]c(cc1)ccc1C(=O)c(cc1)ccc1[>2],[<2]n(c(c1cc2c3=O)=O)c(=O)c1cc2c(=O)n3[>1][]} | C310: ='Single Object'!C310 | D310: ='Single Object'!D310 | E310: ='Single Object'!E310 | G310: =F310 | H310: =G310 | I310: =H310 | K310: =J310 | L310: =K310 | M310: =L310 | N310: =M310 | O310: =N310 | P310: =O310 | Q310: =P310 | S310: =R310 | T310: =S310 | W310: =U310 | Y310: =X310 | Z310: =Y310
A311: ='Single Object'!A311 | B311: {[][<1]O,[<2]CCO[>2],[>3][]} | C311: Beyond this point, naming becomes complicated, so let's use BigSMILES! | D311: ='Single Object'!D311 | E311: ='Single Object'!E311 | G311: =F311 | H311: =G311 | I311: =H311 | K311: =J311 | L311: =K311 | M311: =L311 | N311: =M311 | O311: =N311 | P311: =O311 | Q311: =P311 | S311: =R311 | T311: =S311 | W311: =U311 | Y311: =X311 | Z311: =Y311
A312: ='Single Object'!A312 | B312: {[][<1]O,[<2]CC[>3],[>4]O,[<3]O[>2][]} | D312: ='Single Object'!D312 | E312: ='Single Object'!E312 | G312: =F312 | H312: =G312 | I312: =H312 | K312: =J312 | L312: =K312 | M312: =L312 | N312: =M312 | O312: =N312 | P312: =O312 | Q312: =P312 | S312: =R312 | T312: =S312 | W312: =U312 | Y312: =X312 | Z312: =Y312
A313: ='Single Object'!A313 | B313: {[][<1]C,[<2]O[>3],[>4]C(C=C)=O,[<3]CC[>2][]} | D313: ='Single Object'!D313 | E313: ='Single Object'!E313 | G313: =F313 | H313: =G313 | I313: =H313 | K313: =J313 | L313: =K313 | M313: =L313 | N313: =M313 | O313: =N313 | P313: =O313 | Q313: =P313 | S313: =R313 | T313: =S313 | W313: =U313 | Y313: =X313 | Z313: =Y313
A314: ='Single Object'!A314 | B314: {[][<1]C,[<2]O[>3],[>4]C(C)=O,[<3]CC[>2][]} | D314: ='Single Object'!D314 | E314: ='Single Object'!E314 | G314: =F314 | H314: =G314 | I314: =H314 | K314: =J314 | L314: =K314 | M314: =L314 | N314: =M314 | O314: =N314 | P314: =O314 | Q314: =P314 | S314: =R314 | T314: =S314 | W314: =U314 | Y314: =X314 | Z314: =Y314
A315: ='Single Object'!A315 | B315: {[][<1]Cl,[>2]C,[<3]CCO[>3][]} | D315: ='Single Object'!D315 | E315: ='Single Object'!E315 | G315: =F315 | H315: =G315 | I315: =H315 | K315: =J315 | L315: =K315 | M315: =L315 | N315: =M315 | O315: =N315 | P315: =O315 | Q315: =P315 | S315: =R315 | T315: =S315 | W315: =U315 | Y315: =X315 | Z315: =Y315
A316: ='Single Object'!A316 | B316: {[][<1]C=C,[<2]C(=O)[>3],[<3]O[>4],[>5]C(C=C)=O,[<4]CC[>3][]} | D316: ='Single Object'!D316 | E316: ='Single Object'!E316 | G316: =F316 | H316: =G316 | I316: =H316 | K316: =J316 | L316: =K316 | M316: =L316 | N316: =M316 | O316: =N316 | P316: =O316 | Q316: =P316 | S316: =R316 | T316: =S316 | W316: =U316 | Y316: =X316 | Z316: =Y316
A317: ='Single Object'!A317 | B317: {[][<1]C,[<2]C(=O)[>3],[<3]O[>4],[>5]C(C)=O,[<4]CC[>3][]} | D317: ='Single Object'!D317 | E317: ='Single Object'!E317 | G317: =F317 | H317: =G317 | I317: =H317 | K317: =J317 | L317: =K317 | M317: =L317 | N317: =M317 | O317: =N317 | P317: =O317 | Q317: =P317 | S317: =R317 | T317: =S317 | W317: =U317 | Y317: =X317 | Z317: =Y317
A318: ='Single Object'!A318 | B318: {[][<1]Cl,[<2]CC[>3],[>4]Cl,[<3]O[>2][]} | D318: ='Single Object'!D318 | E318: ='Single Object'!E318 | G318: =F318 | H318: =G318 | I318: =H318 | K318: =J318 | L318: =K318 | M318: =L318 | N318: =M318 | O318: =N318 | P318: =O318 | Q318: =P318 | S318: =R318 | T318: =S318 | W318: =U318 | Y318: =X318 | Z318: =Y318
A319: ='Single Object'!A319 | B319: {[][<1]O,[<2]C(=O)C(C)O[>2],[>3][]} | D319: ='Single Object'!D319 | E319: ='Single Object'!E319 | G319: =F319 | H319: =G319 | I319: =H319 | K319: =J319 | L319: =K319 | M319: =L319 | N319: =M319 | O319: =N319 | P319: =O319 | Q319: =P319 | S319: =R319 | T319: =S319 | W319: =U319 | Y319: =X319 | Z319: =Y319
A320: ='Single Object'!A320 | B320: {[][<1]c(c1)cccc1,[<2]C(=S)S[>3],[<3]C(c(cc1)ccc1)C[>3],[<3]C(C)(C)C(=O)OC[>4],[>5]C#C,[<3]CC(c(cc1)ccc1)[>3][]} | D320: ='Single Object'!D320 | E320: ='Single Object'!E320 | G320: =F320 | H320: =G320 | I320: =H320 | K320: =J320 | L320: =K320 | M320: =L320 | N320: =M320 | O320: =N320 | P320: =O320 | Q320: =P320 | S320: =R320 | T320: =S320 | W320: =U320 | Y320: =X320 | Z320: =Y320
A321: ='Single Object'!A321 | B321: {[][<1]C#N,[<2]C(C)(C)[>3],[<3]C(c(cc1)ccc1)C[>3],[<3]C(C#N)(C)[>4],[>5]C,[<3]CC(c(cc1)ccc1)[>3],[<6]c(c1)cccc1,[<7]C=C[>3][]} | D321: ='Single Object'!D321 | E321: ='Single Object'!E321 | G321: =F321 | H321: =G321 | I321: =H321 | K321: =J321 | L321: =K321 | M321: =L321 | N321: =M321 | O321: =N321 | P321: =O321 | Q321: =P321 | S321: =R321 | T321: =S321 | W321: =U321 | Y321: =X321 | Z321: =Y321
A322: ='Single Object'!A322 | B322: {[][<1]O,[<2]C(=O)C(C)(C)SC(=S)SCCCCCCCCCCC[>3],[>4]C,[<2]CCO[>2][]} | D322: ='Single Object'!D322 | E322: ='Single Object'!E322 | G322: =F322 | H322: =G322 | I322: =H322 | K322: =J322 | L322: =K322 | M322: =L322 | N322: =M322 | O322: =N322 | P322: =O322 | Q322: =P322 | S322: =R322 | T322: =S322 | W322: =U322 | Y322: =X322 | Z322: =Y322
A323: ='Single Object'!A323 | B323: {[][<1]O,[<2]C(=O)C(C)(C)SC(=S)S[>3],[<3]C(C(OC)=O)(C)C[>3],[<3]C[>4],[<4]C(C)(C(OC)=O)[>3],[<4]CCCCCCCCCC[>5],[>6]C,[<2]CCO[>2][]} | D323: ='Single Object'!D323 | E323: ='Single Object'!E323 | G323: =F323 | H323: =G323 | I323: =H323 | K323: =J323 | L323: =K323 | M323: =L323 | N323: =M323 | O323: =N323 | P323: =O323 | Q323: =P323 | S323: =R323 | T323: =S323 | W323: =U323 | Y323: =X323 | Z323: =Y323
... A338: ='Single Object'!A338 | B338: {[][<1]O,[<2]C(=O)[>3],[<3]C[>4],[<3]C(C)[>4],[<4]N[>2],[>5][]} | D338: ='Single Object'!D338 | E338: ='Single Object'!E338 | G338: =F338 | H338: =G338 | I338: =H338 | K338: =J338 | L338: =K338 | M338: =L338 | N338: =M338 | O338: =N338 | P338: =O338 | Q338: =P338 | S338: =R338 | T338: =S338 | W338: =U338 | Y338: =X338 | Z338: =Y338
A339: ='Single Object'!A339 | B339: {[][<1]C(c(cc1)ccc1)[>2],[<2]C[>3],[<3]C(c(cc1)ccc1)[>2],[<3]C[>4],[<4]C(c(cc1)ccc1)[>3],[<1]O[Si](C)(C)[>1],[<1]C[>4][]} | D339: ='Single Object'!D339 | E339: ='Single Object'!E339 | F339: 1 | G339: =F339 | H339: =G339 | I339: =H339 | K339: =J339 | L339: =K339 | M339: =L339 | N339: =M339 | O339: =N339 | P339: =O339 | Q339: =P339 | S339: =R339 | T339: =S339 | W339: =U339 | Y339: =X339 | Z339: =Y339
A340: ='Single Object'!A340 | B340: {[][<1]C,[<2]CC(C)[>3],[<3]C(C(CC1)CCC1)C[>3],[<3]C(CC)[>4],[<4]C[>5],[<5]C(CC)[>4],[<5]C[>6],[<6]C(CC)[>5],[>7],[<6]C[>8],[<8]C[>4],[<3]C[>9],[<9]C(C(CC1)CCC1)[>3],[>7],[<9]C(CC)[>5],[<9]C[>8][]} | D340: ='Single Object'!D340 | E340: ='Single Object'!E340 | G340: =F340 | H340: =G340 | I340: =H340 | K340: =J340 | L340: =K340 | M340: =L340 | N340: =M340 | O340: =N340 | P340: =O340 | Q340: =P340 | S340: =R340 | T340: =S340 | W340: =U340 | Y340: =X340 | Z340: =Y340
A341: ='Single Object'!A341 | B341: {[][<1]C(c(cc1C(Oc(cc2)ccc2OCCCC)=O)c(cc1)C(=O)Oc(cc1)ccc1OCCCC)[>2],[<2]C[>3],[<3]C(c(cc1C(Oc(cc2)ccc2OCCCC)=O)c(cc1)C(=O)Oc(cc1)ccc1OCCCC)[>2],[<3]C[>4],[<4]C(c(cc1C(Oc(cc2)ccc2OCCCC)=O)c(cc1)C(=O)Oc(cc1)ccc1OCCCC)[>3],[<1]O[Si](C)(C)[>1],[<1]C[>4][]} | D341: ='Single Object'!D341 | E341: ='Single Object'!E341 | G341: =F341 | H341: =G341 | I341: =H341 | K341: =J341 | L341: =K341 | M341: =L341 | N341: =M341 | O341: =N341 | P341: =O341 | Q341: =P341 | S341: =R341 | T341: =S341 | W341: =U341 | Y341: =X341 | Z341: =Y341
A342: ='Single Object'!A342 | B342: {[][<1]C,[<2]CC(C)[>3],[<3]C(C)(C(OCC(CCCC)CC)=O)[>4],[<4]C[>5],[<5]C(C)(C(OCC(CCCC)CC)=O)[>4],[<5]CC(C)(C(OCC(CCCC)CC)=O)[>5],[>6],[<3]C(c(cc1)ccc1)C[>3],[<3]C[>7],[<7]C(C)(C(OCC(CCCC)CC)=O)[>5],[<7]C(c(cc1)ccc1)[>3],[>6][]} | D342: ='Single Object'!D342 | E342: ='Single Object'!E342 | G342: =F342 | H342: =G342 | I342: =H342 | K342: =J342 | L342: =K342 | M342: =L342 | N342: =M342 | O342: =N342 | P342: =O342 | Q342: =P342 | S342: =R342 | T342: =S342 | W342: =U342 | Y342: =X342 | Z342: =Y342
A343: ='Single Object'!A343 | B343: {[][<1]C(C)(C(OCCCC)=O)[>2],[<2]C[>3],[<3]C(C)(C(OCCCC)=O)[>2],[<3]CC(C)(C(OCCCC)=O)[>3],[<1]C(c(cc1)ccc1)C[>1],[<1]C[>4],[<4]C(C)(C(OCCCC)=O)[>3],[<4]C(c(cc1)ccc1)[>1][]} | D343: ='Single Object'!D343 | E343: ='Single Object'!E343 | G343: =F343 | H343: =G343 | I343: =H343 | K343: =J343 | L343: =K343 | M343: =L343 | N343: =M343 | O343: =N343 | P343: =O343 | Q343: =P343 | S343: =R343 | T343: =S343 | W343: =U343 | Y343: =X343 | Z343: =Y343
A344: ='Single Object'!A344 | B344: {[][<1]C(C(=C)C)[>2],[<1]C(C)(C=C)[>2],[<2]C[>3],[<3]C(C(=C)C)[>2],[<3]C(C)(C=C)[>2],[<3]C[>4],[<4]C(C(=C)C)[>3],[<4]C(C)(C=C)[>3],[<4]C(C)=C[>2],[<4]C=C(C)[>2],[<1]C[>5],[<5]C(C(=C)C)[>3],[<5]C(C)(C=C)[>3],[<5]C(C)=C[>2],[<5]C=C(C)[>2],[<5]CO[>1][]} | D344: ='Single Object'!D344 | E344: ='Single Object'!E344 | G344: =F344 | H344: =G344 | I344: =H344 | K344: =J344 | L344: =K344 | M344: =L344 | N344: =M344 | O344: =N344 | P344: =O344 | Q344: =P344 | S344: =R344 | T344: =S344 | W344: =U344 | Y344: =X344 | Z344: =Y344
A345: ='Single Object'!A345 | B345: {[][<1]C(C=C)[>2],[<2]C[>3],[<3]C(C=C)[>2],[<3]C[>4],[<4]C(C=C)[>3],[<4]C=C[>2],[<1]C[>5],[<5]C(C=C)[>3],[<5]C=C[>2],[<5]CO[>1][]} | D345: ='Single Object'!D345 | E345: ='Single Object'!E345 | G345: =F345 | H345: =G345 | I345: =H345 | K345: =J345 | L345: =K345 | M345: =L345 | N345: =M345 | O345: =N345 | P345: =O345 | Q345: =P345 | S345: =R345 | T345: =S345 | W345: =U345 | Y345: =X345 | Z345: =Y345
A346: ='Single Object'!A346 | B346: {[][<1][Si](C)(C)[>2],[<2]O[>3],[<3][Si](C)(C)[>2],[<1]C(C=C)[>4],[<4]C[>1],[<1]C[>5],[<5]C(C=C)[>1],[<5]C=C[>4][]} | D346: ='Single Object'!D346 | E346: ='Single Object'!E346 | G346: =F346 | H346: =G346 | I346: =H346 | K346: =J346 | L346: =K346 | M346: =L346 | N346: =M346 | O346: =N346 | P346: =O346 | Q346: =P346 | S346: =R346 | T346: =S346 | W346: =U346 | Y346: =X346 | Z346: =Y346
A347: ='Single Object'!A347 | B347: {[][<1]C(C(=C)C)[>2],[<1]C(C)(C=C)[>2],[<2]C[>3],[<3]C(C(=C)C)[>2],[<3]C(C)(C=C)[>2],[<3]C[>4],[<4]C(C(=C)C)[>3],[<4]C(C)(C=C)[>3],[<4]C(C)=C[>2],[<4]C=C(C)[>2],[<1]C(c(cc1)ccc1)C[>1],[<1]C[>5],[<5]C(C(=C)C)[>3],[<5]C(C)(C=C)[>3],[<5]C(c(cc1)ccc1)[>1],[<5]C(C)=C[>2],[<5]C=C(C)[>2][]} | D347: ='Single Object'!D347 | E347: ='Single Object'!E347 | G347: =F347 | H347: =G347 | I347: =H347 | K347: =J347 | L347: =K347 | M347: =L347 | N347: =M347 | O347: =N347 | P347: =O347 | Q347: =P347 | S347: =R347 | T347: =S347 | W347: =U347 | Y347: =X347 | Z347: =Y347
A348: ='Single Object'!A348 | B348: {[][<1]C(c(nc1)ccc1)[>2],[<2]C[>3],[<3]C(c(nc1)ccc1)[>2],[<3]CC(c(nc1)ccc1)[>3],[<1]C(c(cc1)ccn1)C[>1],[<1]C[>4],[<4]C(c(nc1)ccc1)[>3],[<4]C(c(cc1)ccn1)[>1][]} | D348: ='Single Object'!D348 | E348: ='Single Object'!E348 | G348: =F348 | H348: =G348 | I348: =H348 | K348: =J348 | L348: =K348 | M348: =L348 | N348: =M348 | O348: =N348 | P348: =O348 | Q348: =P348 | S348: =R348 | T348: =S348 | W348: =U348 | Y348: =X348 | Z348: =Y348
A349: ='Single Object'!A349 | B349: {[][<1]C(C(C)C)[>2],[<1]C(C)(CC)[>2],[<2]C[>3],[<3]C(C(C)C)[>2],[<3]C(C)(CC)[>2],[<3]C[>4],[<4]C(C(C)C)[>3],[<4]C(C)(CC)[>3],[<4]C(C)[>5],[<5]C[>2],[<4]CC(C)[>2],[<1]C(CC)[>6],[<6]C[>1],[<1]C[>7],[<7]C(C(C)C)[>3],[<7]C(C)(CC)[>3],[<7]C(CC)[>1],[<7]C(C)[>5],[<7]C[>8],[<8]C(C)[>2],[<8]C[>6][]} | D349: ='Single Object'!D349 | E349: ='Single Object'!E349 | G349: =F349 | H349: =G349 | I349: =H349 | K349: =J349 | L349: =K349 | M349: =L349 | N349: =M349 | O349: =N349 | P349: =O349 | Q349: =P349 | S349: =R349 | T349: =S349 | W349: =U349 | Y349: =X349 | Z349: =Y349
A350: ='Single Object'!A350 | B350: {[][<1]C(C(C)C)[>2],[<1]C(C)(CC)[>2],[<2]C[>3],[<3]C(C(C)C)[>2],[<3]C(C)(CC)[>2],[<3]C[>4],[<4]C(C(C)C)[>3],[<4]C(C)(CC)[>3],[<4]C(C)[>5],[<5]C[>2],[<4]CC(C)[>2],[<1]C(CC)[>6],[<6]C[>1],[<1]C[>7],[<7]C(C(C)C)[>3],[<7]C(C)(CC)[>3],[<7]C(CC)[>1],[<7]C(C)[>5],[<7]C[>8],[<8]C(C)[>2],[<8]C[>6][]} | D350: ='Single Object'!D350 | E350: ='Single Object'!E350 | G350: =F350 | H350: =G350 | I350: =H350 | K350: =J350 | L350: =K350 | M350: =L350 | N350: =M350 | O350: =N350 | P350: =O350 | Q350: =P350 | S350: =R350 | T350: =S350 | W350: =U350 | Y350: =X350 | Z350: =Y350
A351: ='Single Object'!A351 | B351: {[][<1]C(CC)[>2],[<2]C[>1],[<1]C[>3],[<3]C(CC)[>1],[<3]CC[>2][]} | D351: ='Single Object'!D351 | E351: ='Single Object'!E351 | G351: =F351 | H351: =G351 | I351: =H351 | K351: =J351 | L351: =K351 | M351: =L351 | N351: =M351 | O351: =N351 | P351: =O351 | Q351: =P351 | S351: =R351 | T351: =S351 | W351: =U351 | Y351: =X351 | Z351: =Y351
A352: ='Single Object'!A352 | B352: {[][<1]C,[<2]OCCOC[>3],[<3]CO[>4],[<4]C(CC)[>5],[<5]CO[>6],[<6]C(CC)[>5],[>7],[<4]C[>3],[>7][]} | D352: ='Single Object'!D352 | E352: ='Single Object'!E352 | G352: =F352 | H352: =G352 | I352: =H352 | J352: 1 | K352: =J352 | L352: =K352 | M352: =L352 | N352: =M352 | O352: =N352 | P352: =O352 | Q352: =P352 | S352: =R352 | T352: =S352 | W352: =U352 | Y352: =X352 | Z352: =Y352
A353: ='Single Object'!A353 | B353: {[][<1]OC[>2],[<2]C(CC)[>1],[<2]C[>3],[<3]OCC[>3][]} | D353: ='Single Object'!D353 | E353: ='Single Object'!E353 | G353: =F353 | H353: =G353 | I353: =H353 | K353: =J353 | L353: =K353 | M353: =L353 | N353: =M353 | O353: =N353 | P353: =O353 | Q353: =P353 | S353: =R353 | T353: =S353 | W353: =U353 | Y353: =X353 | Z353: =Y353
A354: ='Single Object'!A354 | B354: {[][<1]C,[<2]CC(C)[>3],[<3]C(C(=C)C)[>4],[<3]C(C)(C=C)[>4],[<4]C[>3],[<3]C[>5],[<5]C(C(=C)C)[>3],[<5]C(C)(C=C)[>3],[>6],[<5]C=C(C)[>4],[<5]C(C)=C[>4],[<5]C[>7],[<7]O[>8],[<8]CC[>7],[>6][]} | D354: ='Single Object'!D354 | E354: ='Single Object'!E354 | G354: =F354 | H354: =G354 | I354: =H354 | K354: =J354 | L354: =K354 | M354: =L354 | N354: =M354 | O354: =N354 | P354: =O354 | Q354: =P354 | S354: =R354 | T354: =S354 | W354: =U354 | Y354: =X354 | Z354: =Y354
A355: ='Single Object'!A355 | B355: {[][<1]C(C(C)C)[>2],[<1]C(C)(CC)[>2],[<2]C[>3],[<3]C(C(C)C)[>2],[<3]C(C)(CC)[>2],[<3]C[>4],[<4]C(C(C)C)[>3],[<4]C(C)(CC)[>3],[<4]C(C)C[>2],[<4]CC(C)[>2],[<1]C(C)C(=O)O[>1],[<1]C[>4][]} | D355: ='Single Object'!D355 | E355: ='Single Object'!E355 | G355: =F355 | H355: =G355 | I355: =H355 | K355: =J355 | L355: =K355 | M355: =L355 | N355: =M355 | O355: =N355 | P355: =O355 | Q355: =P355 | S355: =R355 | T355: =S355 | W355: =U355 | Y355: =X355 | Z355: =Y355
A356: ='Single Object'!A356 | B356: {[][<1]C(C(=C)C)[>2],[<1]C(C)(C=C)[>2],[<2]C[>3],[<3]C(C(=C)C)[>2],[<3]C(C)(C=C)[>2],[<3]C[>4],[<4]C(C(=C)C)[>3],[<4]C(C)(C=C)[>3],[<4]C(C)=C[>2],[<4]C=C(C)[>2],[<1]C(c(cc1)ccc1)C[>1],[<1]C[>5],[<5]C(C(=C)C)[>3],[<5]C(C)(C=C)[>3],[<5]C(c(cc1)ccc1)[>1],[<5]C(C)=C[>2],[<5]C=C(C)[>2][]} | D356: ='Single Object'!D356 | E356: ='Single Object'!E356 | G356: =F356 | H356: =G356 | I356: =H356 | K356: =J356 | L356: =K356 | M356: =L356 | N356: =M356 | O356: =N356 | P356: =O356 | Q356: =P356 | S356: =R356 | T356: =S356 | W356: =U356 | Y356: =X356 | Z356: =Y356
A357: ='Single Object'!A357 | B357: {[][<1]C,[<2]CC(C)[>3],[<3]C(c(nc1)ccc1)[>4],[<4]C[>5],[<5]C(c(nc1)ccc1)[>4],[<5]CC(c(nc1)ccc1)[>5],[>6],[<3]C(c(cc1)ccc1)C[>3],[<3]C[>7],[<7]C(c(nc1)ccc1)[>5],[<7]C(c(cc1)ccc1)[>3],[>6][]} | D357: ='Single Object'!D357 | E357: ='Single Object'!E357 | G357: =F357 | H357: =G357 | I357: =H357 | K357: =J357 | L357: =K357 | M357: =L357 | N357: =M357 | O357: =N357 | P357: =O357 | Q357: =P357 | S357: =R357 | T357: =S357 | W357: =U357 | Y357: =X357 | Z357: =Y357
A358: ='Single Object'!A358 | B358: {[][<1]C,[<2]CC(C)[>3],[<3]C(C(=C)C)[>4],[<3]C(C)(C=C)[>4],[<4]C[>3],[<3]C[>5],[<5]C(C(=C)C)[>3],[<5]C(C)(C=C)[>3],[>6],[<5]C=C(C)[>4],[<5]C(C)=C[>4],[<5]C[>7],[<7]O[>8],[<8]CC[>7],[>6][]} | D358: ='Single Object'!D358 | E358: ='Single Object'!E358 | G358: =F358 | H358: =G358 | I358: =H358 | K358: =J358 | L358: =K358 | M358: =L358 | N358: =M358 | O358: =N358 | P358: =O358 | Q358: =P358 | S358: =R358 | T358: =S358 | W358: =U358 | Y358: =X358 | Z358: =Y358
A359: ='Single Object'!A359 | B359: {[][<1]C,[<2]C(CC)[>3],[<3]C(CC)[>4],[<4]C[>3],[<3]C[>5],[<5]C(CC)[>3],[<5]CC[>4][]} | D359: ='Single Object'!D359 | E359: ='Single Object'!E359 | G359: =F359 | H359: =G359 | I359: =H359 | K359: =J359 | L359: =K359 | M359: =L359 | N359: =M359 | O359: =N359 | P359: =O359 | Q359: =P359 | S359: =R359 | T359: =S359 | W359: =U359 | Y359: =X359 | Z359: =Y359
A360: ='Single Object'!A360 | B360: {[][<1]C(c(cc1)ccc1)[>2],[<2]C[>3],[<3]C(c(cc1)ccc1)[>2],[<3]CC(c(cc1)ccc1)[>3],[<1]C(C=C)C[>1],[<1]C[>4],[<4]C(c(cc1)ccc1)[>3],[<4]C(C=C)[>1][]} | D360: ='Single Object'!D360 | E360: ='Single Object'!E360 | G360: =F360 | H360: =G360 | I360: =H360 | K360: =J360 | L360: =K360 | M360: =L360 | N360: =M360 | O360: =N360 | P360: =O360 | Q360: =P360 | S360: =R360 | T360: =S360 | W360: =U360 | Y360: =X360 | Z360: =Y360
A361: ='Single Object'!A361 | B361: {[][<1]C(c(cc1)ccc1)[>2],[<2]C[>3],[<3]C(c(cc1)ccc1)[>2],[<3]CC(c(cc1)ccc1)[>3],[<1]C(C=C)[>4],[<4]C[>1],[<1]C[>5],[<5]C(c(cc1)ccc1)[>3],[<5]C(C=C)[>1],[<5]C=C[>4][]} | D361: ='Single Object'!D361 | E361: ='Single Object'!E361 | G361: =F361 | H361: =G361 | I361: =H361 | K361: =J361 | L361: =K361 | M361: =L361 | N361: =M361 | O361: =N361 | P361: =O361 | Q361: =P361 | S361: =R361 | T361: =S361 | W361: =U361 | Y361: =X361 | Z361: =Y361
A362: ='Single Object'!A362 | B362: {[][<1]C(C(CC1)CCC1)[>2],[<2]C[>3],[<3]C(C(CC1)CCC1)[>2],[<3]CC(C(CC1)CCC1)[>3],[<1]C(CC)[>4],[<4]C[>1],[<1]C[>5],[<5]C(C(CC1)CCC1)[>3],[<5]C(CC)[>1],[<5]CC[>4][]} | D362: ='Single Object'!D362 | E362: ='Single Object'!E362 | G362: =F362 | H362: =G362 | I362: =H362 | K362: =J362 | L362: =K362 | M362: =L362 | N362: =M362 | O362: =N362 | P362: =O362 | Q362: =P362 | S362: =R362 | T362: =S362 | W362: =U362 | Y362: =X362 | Z362: =Y362
A363: ='Single Object'!A363 | B363: {[][<1]C(C(C)C)[>2],[<1]C(C)(CC)[>2],[<2]C[>3],[<3]C(C(C)C)[>2],[<3]C(C)(CC)[>2],[<3]C[>4],[<4]C(C(C)C)[>3],[<4]C(C)(CC)[>3],[<4]C(C)[>5],[<5]C[>2],[<4]C[>6],[<6]C(C)[>2],[<1]C(C(CC1)CCC1)C[>1],[<1]C[>7],[<7]C(C(C)C)[>3],[<7]C(C)(CC)[>3],[<7]C(C(CC1)CCC1)[>1],[<7]C(C)[>5],[<7]C[>6][]} | D363: ='Single Object'!D363 | E363: ='Single Object'!E363 | G363: =F363 | H363: =G363 | I363: =H363 | K363: =J363 | L363: =K363 | M363: =L363 | N363: =M363 | O363: =N363 | P363: =O363 | Q363: =P363 | S363: =R363 | T363: =S363 | W363: =U363 | Y363: =X363 | Z363: =Y363
A364: ='Single Object'!A364 | B364: {[][<1]C(C(C)C)[>2],[<1]C(C)(CC)[>2],[<2]C[>3],[<3]C(C(C)C)[>2],[<3]C(C)(CC)[>2],[<3]C[>4],[<4]C(C(C)C)[>3],[<4]C(C)(CC)[>3],[<4]C(C)[>5],[<5]C[>2],[<4]C[>6],[<6]C(C)[>2],[<1]C(c(cc1)ccc1)C[>1],[<1]C[>7],[<7]C(C(C)C)[>3],[<7]C(C)(CC)[>3],[<7]C(c(cc1)ccc1)[>1],[<7]C(C)[>5],[<7]C[>6][]} | D364: ='Single Object'!D364 | E364: ='Single Object'!E364 | G364: =F364 | H364: =G364 | I364: =H364 | K364: =J364 | L364: =K364 | M364: =L364 | N364: =M364 | O364: =N364 | P364: =O364 | Q364: =P364 | S364: =R364 | T364: =S364 | W364: =U364 | Y364: =X364 | Z364: =Y364
... A381: ='Single Object'!A381 | B381: {[][<1]C(c(cc1)ccc1)[>2],[<2]C[>3],[<3]C(c(cc1)ccc1)[>2],[<3]C[>4],[<4]C(c(cc1)ccc1)[>3],[<1][Si](C)(C)O[>1],[<1]C[>4][]} | D381: ='Single Object'!D381 | E381: ='Single Object'!E381 | G381: =F381 | H381: =G381 | I381: =H381 | K381: =J381 | L381: =K381 | M381: =L381 | N381: =M381 | O381: =N381 | P381: =O381 | Q381: =P381 | S381: =R381 | T381: =S381 | W381: =U381 | Y381: =X381 | Z381: =Y381
A382: ='Single Object'!A382 | B382: {[][<1]C,[<2]CC(C)[>3],[<3]C(c(cc1)ccc1)C[>3],[<3]C[>4],[<4]C(c(cc1)ccc1)[>3],[<4]C[>5],[<5]O[>6],[<6]CC(C)OC(=O)[>5],[>7][]} | D382: ='Single Object'!D382 | E382: ='Single Object'!E382 | G382: =F382 | H382: =G382 | I382: =H382 | K382: =J382 | L382: =K382 | M382: =L382 | N382: =M382 | O382: =N382 | P382: =O382 | Q382: =P382 | R382: 1 | S382: =R382 | T382: =S382 | W382: =U382 | Y382: =X382 | Z382: =Y382
A383: ='Single Object'!A383 | B383: {[][<1]C(C)(C(OCCOC)=O)[>2],[<2]C[>3],[<3]C(C)(C(OCCOC)=O)[>2],[<3]CC(C)(C(OCCOC)=O)[>3],[<1]C(c(nc1)ccc1)C[>1],[<1]C[>4],[<4]C(C)(C(OCCOC)=O)[>3],[<4]C(c(nc1)ccc1)[>1][]} | D383: ='Single Object'!D383 | E383: ='Single Object'!E383 | G383: =F383 | H383: =G383 | I383: =H383 | K383: =J383 | L383: =K383 | M383: =L383 | N383: =M383 | O383: =N383 | P383: =O383 | Q383: =P383 | S383: =R383 | T383: =S383 | W383: =U383 | Y383: =X383 | Z383: =Y383
A384: ='Single Object'!A384 | B384: {[][<1]C(c(cc1)ccc1)[>2],[<2]C[>3],[<3]C(c(cc1)ccc1)[>2],[<3]CC(c(cc1)ccc1)[>3],[<1]C[>4],[<4]C(c(cc1)ccc1)[>3],[<4]CO[>1][]} | D384: ='Single Object'!D384 | E384: ='Single Object'!E384 | G384: =F384 | H384: =G384 | I384: =H384 | K384: =J384 | L384: =K384 | M384: =L384 | N384: =M384 | O384: =N384 | P384: =O384 | Q384: =P384 | S384: =R384 | T384: =S384 | W384: =U384 | Y384: =X384 | Z384: =Y384
A385: ='Single Object'!A385 | B385: {[][<1]C(c(cc1O)ccc1O)[>2],[<2]C[>3],[<3]C(c(cc1O)ccc1O)[>2],[<3]CC(c(cc1O)ccc1O)[>3],[<1]C(c(cc1)ccc1)C[>1],[<1]C[>4],[<4]C(c(cc1O)ccc1O)[>3],[<4]C(c(cc1)ccc1)[>1][]} | D385: ='Single Object'!D385 | E385: ='Single Object'!E385 | G385: =F385 | H385: =G385 | I385: =H385 | K385: =J385 | L385: =K385 | M385: =L385 | N385: =M385 | O385: =N385 | P385: =O385 | Q385: =P385 | S385: =R385 | T385: =S385 | W385: =U385 | Y385: =X385 | Z385: =Y385
A386: ='Single Object'!A386 | B386: {[][<1]O,[<2]C[>3],[<3]C(=O)[>4],[<4]O[>5],[<5]C(C)[>3],[>6]C,[<5]C[>7],[<7]C(=O)[>4],[<7]C[>8],[<8]O[>9],[>6]C,[<9]CC[>8][]} | D386: ='Single Object'!D386 | E386: ='Single Object'!E386 | G386: =F386 | H386: =G386 | I386: =H386 | K386: =J386 | L386: =K386 | M386: =L386 | N386: =M386 | O386: =N386 | P386: =O386 | Q386: =P386 | S386: =R386 | T386: =S386 | W386: =U386 | Y386: =X386 | Z386: =Y386
A387: ='Single Object'!A387 | B387: {[][<1]C(C(C)C)[>2],[<1]C(C)(CC)[>2],[<2]C[>3],[<3]C(C(C)C)[>2],[<3]C(C)(CC)[>2],[<3]C[>4],[<4]C(C(C)C)[>3],[<4]C(C)(CC)[>3],[<4]C(C)C[>2],[<4]CC(C)[>2],[<1]O[Si](C)(C)[>1],[<1]C[>4][]} | D387: ='Single Object'!D387 | E387: ='Single Object'!E387 | G387: =F387 | H387: =G387 | I387: =H387 | K387: =J387 | L387: =K387 | M387: =L387 | N387: =M387 | O387: =N387 | P387: =O387 | Q387: =P387 | S387: =R387 | T387: =S387 | W387: =U387 | Y387: =X387 | Z387: =Y387
A388: ='Single Object'!A388 | B388: {[][<1][Si](C)(C)[>2],[<2]O[>3],[<3][Si](C)(C)[>2],[<1]C(CC)[>4],[<4]C[>1],[<1]C[>5],[<5]C(CC)[>1],[<5]CC[>4][]} | D388: ='Single Object'!D388 | E388: ='Single Object'!E388 | G388: =F388 | H388: =G388 | I388: =H388 | K388: =J388 | L388: =K388 | M388: =L388 | N388: =M388 | O388: =N388 | P388: =O388 | Q388: =P388 | S388: =R388 | T388: =S388 | W388: =U388 | Y388: =X388 | Z388: =Y388
A389: ='Single Object'!A389 | B389: {[][<1]C(CC)[>2],[<2]C[>3],[<3]C(CC)[>2],[<3]C[>4],[<4]C(CC)[>3],[<4]CC[>2],[<1]OCC[>1],[<1]C[>4][]} | D389: ='Single Object'!D389 | E389: ='Single Object'!E389 | G389: =F389 | H389: =G389 | I389: =H389 | K389: =J389 | L389: =K389 | M389: =L389 | N389: =M389 | O389: =N389 | P389: =O389 | Q389: =P389 | S389: =R389 | T389: =S389 | W389: =U389 | Y389: =X389 | Z389: =Y389
A390: ='Single Object'!A390 | B390: {[][<1]C(C(C)C)[>2],[<1]C(C)(CC)[>2],[<2]C[>3],[<3]C(C(C)C)[>2],[<3]C(C)(CC)[>2],[<3]C[>4],[<4]C(C(C)C)[>3],[<4]C(C)(CC)[>3],[<4]C(C)[>5],[<5]C[>2],[<4]CC(C)[>2],[<1]C[>6],[<6]C(C(C)C)[>3],[<6]C(C)(CC)[>3],[<6]C(C)[>5],[<6]C[>7],[<7]C(C)[>2],[<7]O[>1][]} | D390: ='Single Object'!D390 | E390: ='Single Object'!E390 | G390: =F390 | H390: =G390 | I390: =H390 | K390: =J390 | L390: =K390 | M390: =L390 | N390: =M390 | O390: =N390 | P390: =O390 | Q390: =P390 | S390: =R390 | T390: =S390 | W390: =U390 | Y390: =X390 | Z390: =Y390
A391: ='Single Object'!A391 | B391: {[][<1]C(CC)[>2],[<2]C[>3],[<3]C(CC)[>2],[<3]C[>4],[<4]C(CC)[>3],[<4]CC[>2],[<1]C[>5],[<5]C(CC)[>3],[<5]C[>6],[<6]O[>1],[<6]C[>2][]} | D391: ='Single Object'!D391 | E391: ='Single Object'!E391 | G391: =F391 | H391: =G391 | I391: =H391 | K391: =J391 | L391: =K391 | M391: =L391 | N391: =M391 | O391: =N391 | P391: =O391 | Q391: =P391 | S391: =R391 | T391: =S391 | W391: =U391 | Y391: =X391 | Z391: =Y391
A392: ='Single Object'!A392 | B392: {[][<1]C,[<2]CC(C)[>3],[<3]C(c(nc1)ccc1)[>4],[<4]C[>5],[<5]C(c(nc1)ccc1)[>4],[<5]C[>6],[>7]C(c(c1)cccc1)c(c1)cccc1,[<6]C(c(nc1)ccc1)[>5],[<3]C(c(cc1)ccn1)C[>3],[<3]C[>8],[>7]C(c(c1)cccc1)c(c1)cccc1,[<8]C(c(nc1)ccc1)[>5],[<8]C(c(cc1)ccn1)[>3][]} | D392: ='Single Object'!D392 | E392: ='Single Object'!E392 | G392: =F392 | H392: =G392 | I392: =H392 | K392: =J392 | L392: =K392 | M392: =L392 | N392: =M392 | O392: =N392 | P392: =O392 | Q392: =P392 | S392: =R392 | T392: =S392 | W392: =U392 | Y392: =X392 | Z392: =Y392
A393: ='Single Object'!A393 | B393: {[][<1]C,[<2]CC(C)[>3],[<3]C(C(C)C)[>4],[<3]C(C)(CC)[>4],[<4]C[>3],[<3]C(CC)[>5],[<5]C[>6],[<6]C(CC)[>5],[<6]C[>7],[<7]C(CC)[>6],[>8],[<7]CC[>5],[<3]C[>9],[<9]C(C(C)C)[>3],[<9]C(C)(CC)[>3],[>8],[<9]C(CC)[>6],[<9]C(C)C[>4],[<9]C[>10],[<10]C(C)[>4],[<10]C[>5][]} | D393: ='Single Object'!D393 | E393: ='Single Object'!E393 | G393: =F393 | H393: =G393 | I393: =H393 | K393: =J393 | L393: =K393 | M393: =L393 | N393: =M393 | O393: =N393 | P393: =O393 | Q393: =P393 | S393: =R393 | T393: =S393 | W393: =U393 | Y393: =X393 | Z393: =Y393
A394: ='Single Object'!A394 | B394: {[][<1]C,[<2]CC(C)[>3],[<3]C(C(=C)C)[>4],[<3]C(C)(C=C)[>4],[<4]C[>5],[<5]C(C(=C)C)[>4],[<5]C(C)(C=C)[>4],[<5]C[>6],[<6]C(C(=C)C)[>5],[<6]C(C)(C=C)[>5],[>7],[<6]C(C)=C[>4],[<6]C=C(C)[>4],[<3]C(c(cc1)ccc1)C[>3],[<3]C[>8],[<8]C(C(=C)C)[>5],[<8]C(C)(C=C)[>5],[<8]C(c(cc1)ccc1)[>3],[>7],[<8]C(C)=C[>4],[<8]C=C(C)[>4][]} | D394: ='Single Object'!D394 | E394: ='Single Object'!E394 | G394: =F394 | H394: =G394 | I394: =H394 | K394: =J394 | L394: =K394 | M394: =L394 | N394: =M394 | O394: =N394 | P394: =O394 | Q394: =P394 | S394: =R394 | T394: =S394 | W394: =U394 | Y394: =X394 | Z394: =Y394
... A403: ='Single Object'!A403 | B403: {[][<1],[<2]C(C(=C)C)[>3],[<2]C(C)(C=C)[>3],[<3]C[>4],[<4]C(C(=C)C)[>3],[<4]C(C)(C=C)[>3],[<4]C[>5],[<5]C(C(=C)C)[>4],[<5]C(C)(C=C)[>4],[>6],[<5]C=C(C)[>3],[<5]C(C)=C[>3],[<5]C[>7],[<7]O[>8],[<8]CC[>7],[>6],[<2]C(c(cc1)ccc1)C[>2],[<2]C[>9],[<9]C(C(=C)C)[>4],[<9]C(C)(C=C)[>4],[<9]C(c(cc1)ccc1)[>2],[>6],[<9]C=C(C)[>3],[<9]C(C)=C[>3],[<9]C[>7][]} | D403: ='Single Object'!D403 | E403: ='Single Object'!E403 | G403: =F403 | H403: =G403 | I403: =H403 | K403: =J403 | L403: =K403 | M403: =L403 | N403: =M403 | O403: =N403 | P403: =O403 | Q403: =P403 | S403: =R403 | T403: =S403 | W403: =U403 | Y403: =X403 | Z403: =Y403
A404: ='Single Object'!A404 | B404: {[][<1]C,[<2]CC(C)[>3],[<3]C(C(=C)C)[>4],[<3]C(C)(C=C)[>4],[<4]C[>5],[<5]C(C(=C)C)[>4],[<5]C(C)(C=C)[>4],[<5]C(c(cc1)ccc1)[>6],[<6]C[>7],[<7]C(c(cc1)ccc1)[>6],[<7]C[>8],[<8]C(c(cc1)ccc1)[>7],[>9],[<8]C[>10],[<10]O[>11],[<11]CC[>10],[>9],[<5]C[>12],[<12]C(C(=C)C)[>5],[<12]C(C)(C=C)[>5],[>9],[<12]C(c(cc1)ccc1)[>7],[<12]C=C(C)[>4],[<12]C(C)=C[>4],[<12]C[>10],[<3]C(c(cc1)ccc1)C[>3],[<3]C[>13],[<13]C(C(=C)C)[>5],[<13]C(C)(C=C)[>5],[<13]C(c(cc1)ccc1)[>3],[>9],[<13]C=C(C)[>4],[<13]C(C)=C[>4],[<13]C[>10][]} | D404: ='Single Object'!D404 | E404: ='Single Object'!E404 | G404: =F404 | H404: =G404 | I404: =H404 | K404: =J404 | L404: =K404 | M404: =L404 | N404: =M404 | O404: =N404 | P404: =O404 | Q404: =P404 | S404: =R404 | T404: =S404 | W404: =U404 | X404: 1 | Y404: =X404 | Z404: =Y404
A405: ='Single Object'!A405 | B405: {[][<1]C,[<2]CC(C)[>3],[<3]C(C(C)C)[>4],[<3]C(C)(CC)[>4],[<4]C[>5],[<5]C(C(C)C)[>4],[<5]C(C)(CC)[>4],[<5]C[>6],[<6]C(C(C)C)[>5],[<6]C(C)(CC)[>5],[>7],[<6]C(C)[>8],[<8]C[>4],[<6]C[>9],[<9]C(C)[>4],[<3]C(C(CC1)CCC1)C[>3],[<3]C(CC)[>10],[<10]C[>11],[<11]C(C(C)C)[>4],[<11]C(C)(CC)[>4],[<11]C(C(CC1)CCC1)[>12],[<12]C[>13],[<13]C(C(C)C)[>4],[<13]C(C)(CC)[>4],[<13]C(C(CC1)CCC1)[>12],[<13]C(CC)[>14],[<14]C[>15],[<15]C(C(C)C)[>4],[<15]C(C)(CC)[>4],[<15]C(C(CC1)CCC1)[>16],[<16]C[>17],[<17]C(C(C)C)[>4],[<17]C(C)(CC)[>4],[<17]C(C(CC1)CCC1)[>16],[<17]C[>18],[<18]C(C(C)C)[>5],[<18]C(C)(CC)[>5],[<18]C(C(CC1)CCC1)[>17],[>7],[<18]C(C)[>8],[<18]C[>9],[<15]C(CC)[>14],[<15]C[>19],[<19]C(C(C)C)[>5],[<19]C(C)(CC)[>5],[<19]C(C(CC1)CCC1)[>17],[<19]C(CC)[>15],[>7],[<19]C(C)[>8],[<19]C[>20],[<20]C(C)[>4],[<20]C[>14],[<13]C[>21],[<21]C(C(C)C)[>5],[<21]C(C)(CC)[>5],[<21]C(C(CC1)CCC1)[>13],[>7],[<21]C(CC)[>15],[<21]C(C)[>8],[<21]C[>20],[<11]C(CC)[>10],[<11]C[>22],[<22]C(C(C)C)[>5],[<22]C(C)(CC)[>5],[<22]C(C(CC1)CCC1)[>13],[<22]C(CC)[>11],[>7],[<22]C(C)[>8],[<22]C[>23],[<23]C(C)[>4],[<23]C[>10],[<3]C[>24],[<24]C(C(C)C)[>5],[<24]C(C)(CC)[>5],[<24]C(C(CC1)CCC1)[>3],[>7],[<24]C(CC)[>11],[<24]C(C)[>8],[<24]C[>23][]} | D405: ='Single Object'!D405 | E405: ='Single Object'!E405 | G405: =F405 | H405: =G405 | I405: =H405 | K405: =J405 | L405: =K405 | M405: =L405 | N405: =M405 | O405: =N405 | P405: =O405 | Q405: =P405 | S405: =R405 | T405: =S405 | W405: =U405 | Y405: =X405 | Z405: =Y405
A406: ='Single Object'!A406 | B406: {[][<1]C(C(C)C)[>2],[<1]C(C)(CC)[>2],[<2]C[>3],[<3]C(C(C)C)[>2],[<3]C(C)(CC)[>2],[<3]C(C(CC1)CCC1)[>4],[<4]C[>5],[<5]C(C(C)C)[>6],[<5]C(C)(CC)[>6],[<6]C[>7],[<7]C(C(C)C)[>6],[<7]C(C)(CC)[>6],[<7]C(C(CC1)CCC1)[>8],[<8]C[>9],[<9]C(C(C)C)[>10],[<9]C(C)(CC)[>10],[<10]C[>11],[<11]C(C(C)C)[>10],[<11]C(C)(CC)[>10],[<11]C(C(CC1)CCC1)[>12],[<12]C[>13],[<13]C(C(C)C)[>14],[<13]C(C)(CC)[>14],[<14]C[>15],[<15]C(C(C)C)[>14],[<15]C(C)(CC)[>14],[<15]C(C(CC1)CCC1)[>16],[<16]C[>17],[<17]C(C(C)C)[>18],[<17]C(C)(CC)[>18],[<18]C[>19],[<19]C(C(C)C)[>18],[<19]C(C)(CC)[>18],[<19]C(C(CC1)CCC1)[>20],[<20]C[>21],[<21]C(C(CC1)CCC1)[>20],[<21]CC(C(CC1)CCC1)[>21],[<19]C[>22],[<22]C(C(C)C)[>19],[<22]C(C)(CC)[>19],[<22]C(C(CC1)CCC1)[>21],[<22]C(C)[>23],[<23]C[>18],[<22]C[>24],[<24]C(C)[>18],[<17]C(C(CC1)CCC1)[>16],[<17]C[>25],[<25]C(C(C)C)[>19],[<25]C(C)(CC)[>19],[<25]C(C(CC1)CCC1)[>17],[<25]C(C)[>23],[<25]C[>24],[<15]C[>26],[<26]C(C(C)C)[>15],[<26]C(C)(CC)[>15],[<26]C(C(CC1)CCC1)[>17],[<26]C(C)[>27],[<27]C[>14],[<26]C[>28],[<28]C(C)[>14],[<13]C(C(CC1)CCC1)[>12],[<13]C[>29],[<29]C(C(C)C)[>15],[<29]C(C)(CC)[>15],[<29]C(C(CC1)CCC1)[>13],[<29]C(C)[>27],[<29]C[>28],[<11]C[>30],[<30]C(C(C)C)[>11],[<30]C(C)(CC)[>11],[<30]C(C(CC1)CCC1)[>13],[<30]C(C)[>31],[<31]C[>10],[<30]C[>32],[<32]C(C)[>10],[<9]C(C(CC1)CCC1)[>8],[<9]C[>33],[<33]C(C(C)C)[>11],[<33]C(C)(CC)[>11],[<33]C(C(CC1)CCC1)[>9],[<33]C(C)[>31],[<33]C[>32],[<7]C[>34],[<34]C(C(C)C)[>7],[<34]C(C)(CC)[>7],[<34]C(C(CC1)CCC1)[>9],[<34]C(C)[>35],[<35]C[>6],[<34]C[>36],[<36]C(C)[>6],[<5]C(C(CC1)CCC1)[>4],[<5]C[>37],[<37]C(C(C)C)[>7],[<37]C(C)(CC)[>7],[<37]C(C(CC1)CCC1)[>5],[<37]C(C)[>35],[<37]C[>36],[<3]C[>38],[<38]C(C(C)C)[>3],[<38]C(C)(CC)[>3],[<38]C(C(CC1)CCC1)[>5],[<38]C(C)[>39],[<39]C[>2],[<38]C[>40],[<40]C(C)[>2],[<1]C(C(CC1)CCC1)C[>1],[<1]C[>41],[<41]C(C(C)C)[>3],[<41]C(C)(CC)[>3],[<41]C(C(CC1)CCC1)[>1],[<41]C(C)[>39],[<41]C[>40][]} | D406: ='Single Object'!D406 | E406: ='Single Object'!E406 | G406: =F406 | H406: =G406 | I406: =H406 | K406: =J406 | L406: =K406 | M406: =L406 | N406: =M406 | O406: =N406 | P406: =O406 | Q406: =P406 | S406: =R406 | T406: =S406 | W406: =U406 | Y406: =X406 | Z406: =Y406 | AA406: 1
A407: ='Single Object'!A407 | B407: {[][<1]c(c1)cccc1,[<2]C(=S)S[>3],[<3]C(c(cc1)ccc1)[>4],[<4]C(=O)[>5],[<5]O[>6],[>7]C,[<6]CC[>5],[<4]C[>3],[<3]C(C)(C(OC)=O)[>8],[<8]C[>9],[<9]C(c(cc1)ccc1)C(=O)[>5],[<9]C(C)(C(OC)=O)[>8],[<9]CC(C)(C(OC)=O)[>9],[<3]C[>10],[<10]C(c(cc1)ccc1)[>3],[<10]C(C)(C(OC)=O)[>9][]} | D407: ='Single Object'!D407 | E407: ='Single Object'!E407 | G407: =F407 | H407: =G407 | I407: =H407 | K407: =J407 | L407: =K407 | M407: =L407 | N407: =M407 | O407: =N407 | P407: =O407 | Q407: =P407 | S407: =R407 | T407: =S407 | W407: =U407 | Y407: =X407 | Z407: =Y407
A408: ='Single Object'!A408 | B408: {[][<1]c(c1)cccc1,[<2]C[>3],[<3]C(c(cc1)ccc1)(c(cc1)ccc1)[>4],[<4]C(C(=O)OCCO)C[>4],[<4]CC(C(=O)OCCO)[>4],[>5],[<3]CC[Si](CC)(CC)[>2][]} | D408: ='Single Object'!D408 | E408: ='Single Object'!E408 | G408: =F408 | H408: =G408 | I408: =H408 | K408: =J408 | L408: =K408 | M408: =L408 | N408: =M408 | O408: =N408 | P408: =O408 | Q408: =P408 | S408: =R408 | T408: =S408 | W408: =U408 | Y408: =X408 | Z408: =Y408
A409: ='Single Object'!A409 | B409: {[][<1]C(c(cc1)ccc1)[>2],[<2]C[>3],[<3]C(c(cc1)ccc1)[>2],[<3]CC(c(cc1)ccc1)[>3],[<1]C[>4],[<4]C(c(cc1)ccc1)[>3],[<4]C[>1][]} | D409: ='Single Object'!D409 | E409: ='Single Object'!E409 | G409: =F409 | H409: =G409 | I409: =H409 | K409: =J409 | L409: =K409 | M409: =L409 | N409: =M409 | O409: =N409 | P409: =O409 | Q409: =P409 | S409: =R409 | T409: =S409 | W409: =U409 | Y409: =X409 | Z409: =Y409
A410: ='Single Object'!A410 | B410: {[][<1]OCC[>1],[<1]C[>2],[<2]C(C)O[>3],[<3]O[>4],[<4]CC[>5],[<5]O[>4],[<3]C[>2][]} | D410: ='Single Object'!D410 | E410: ='Single Object'!E410 | G410: =F410 | H410: =G410 | I410: =H410 | K410: =J410 | L410: =K410 | M410: =L410 | N410: =M410 | O410: =N410 | P410: =O410 | Q410: =P410 | S410: =R410 | T410: =S410 | U410: 1 | W410: =U410 | Y410: =X410 | Z410: =Y410
A411: ='Single Object'!A411 | B411: {[][<1]C(C(=O)O)[>2],[<2]C[>1],[<1]C[>3],[<3]C(C(=O)O)[>1],[<1]C([>4])[>2],[<3]C([>5])[>1],[<6]C,[<7]O[>8],[<8]C(=O)[>4],[<8]CC[>7],[<9]C,[<10]O[>11],[<11]C(=O)[>5],[<11]CC[>10][]} | D411: ='Single Object'!D411 | E411: ='Single Object'!E411 | G411: =F411 | H411: =G411 | I411: =H411 | K411: =J411 | L411: =K411 | M411: =L411 | N411: =M411 | O411: =N411 | P411: =O411 | Q411: =P411 | S411: =R411 | T411: =S411 | W411: =U411 | Y411: =X411 | Z411: =Y411
A412: ='Single Object'!A412 | B412: {[][<1]C(C)(C(OC)=O)[>2],[<2]C[>1],[<1]C([>3])(C)[>2],[<1]C[>4],[<4]C(C)(C(OC)=O)[>1],[<4]C([>5])(C)[>1],[<6]C(c(cc1)ccc1)C[>6],[<6]C(C)(C)C(=O)OCCOC(=O)[>3],[<6]CC(c(cc1)ccc1)[>6],[<7]C(c(cc1)ccc1)C[>7],[<7]C(C)(C)C(=O)OCCOC(=O)[>5],[<7]CC(c(cc1)ccc1)[>7][]} | D412: ='Single Object'!D412 | E412: ='Single Object'!E412 | G412: =F412 | H412: =G412 | I412: =H412 | K412: =J412 | L412: =K412 | M412: =L412 | N412: =M412 | O412: =N412 | P412: =O412 | Q412: =P412 | S412: =R412 | T412: =S412 | W412: =U412 | Y412: =X412 | Z412: =Y412
A413: ='Single Object'!A413 | B413: {[][<1]C,[<2]O[>3],[<3]CCO[>4],[<4]C(=O)[>5],[<5]CCC[>3],[<4]C([>6])[>5],[>7],[<8]C,[<9]O[>6],[<6]CC[>9][]} | D413: ='Single Object'!D413 | E413: ='Single Object'!E413 | G413: =F413 | H413: =G413 | I413: =H413 | K413: =J413 | L413: =K413 | M413: =L413 | N413: =M413 | O413: =N413 | P413: =O413 | Q413: =P413 | S413: =R413 | T413: =S413 | W413: =U413 | Y413: =X413 | Z413: =Y413
A414: ='Single Object'!A414 | B414: {[][<1]C(c(cc1)ccc1)[>2],[<2]C[>1],[<1]C[>3],[<3]C(c(cc1)ccc1)[>1],[<1]C([>4])[>2],[<3]C([>5])[>1],[<6]N,[<7]CC[>8],[<8]O[>7],[<8]CCc(cc1)ccc1[>4],[<9]N,[<10]CC[>11],[<11]O[>10],[<11]CCc(cc1)ccc1[>5][]} | D414: ='Single Object'!D414 | E414: ='Single Object'!E414 | G414: =F414 | H414: =G414 | I414: =H414 | K414: =J414 | L414: =K414 | M414: =L414 | N414: =M414 | O414: =N414 | P414: =O414 | Q414: =P414 | S414: =R414 | T414: =S414 | W414: =U414 | Y414: =X414 | Z414: =Y414
A415: ='Single Object'!A415 | B415: {[][<1]C(c(cc1)ccc1)[>2],[<2]C[>1],[<1]C[>3],[<3]C(c(cc1)ccc1)[>1],[<1]C([>4])[>2],[<3]C([>1])[>1],[<5]O,[<6]C(=O)[>7],[<7]CC[>8],[<8]O[>7],[<8]CCc(cc1)ccc1[>4],[<9]O,[<10]C(=O)[>11],[<11]CC[>12],[<12]O[>11],[<12]CCc(cc1)ccc1[>13][]} | D415: ='Single Object'!D415 | E415: ='Single Object'!E415 | G415: =F415 | H415: =G415 | I415: =H415 | K415: =J415 | L415: =K415 | M415: =L415 | N415: =M415 | O415: =N415 | P415: =O415 | Q415: =P415 | S415: =R415 | T415: =S415 | W415: =U415 | Y415: =X415 | Z415: =Y415
A416: ='Single Object'!A416 | B416: {[][<1]C(c(cc1)ccc1)[>2],[<2]C[>1],[<1]C[>3],[<3]C(c(cc1)ccc1)[>1],[<1]C([>4])[>2],[<3]C([>5])[>1],[<6]S,[<7]CC[>8],[<8]O[>7],[<8]CCc(cc1)ccc1[>4],[<9]S,[<10]CC[>11],[<11]O[>10],[<11]CCc(cc1)ccc1[>5][]} | D416: ='Single Object'!D416 | E416: ='Single Object'!E416 | G416: =F416 | H416: =G416 | I416: =H416 | K416: =J416 | L416: =K416 | M416: =L416 | N416: =M416 | O416: =N416 | P416: =O416 | Q416: =P416 | S416: =R416 | T416: =S416 | W416: =U416 | Y416: =X416 | Z416: =Y416
A417: ='Single Object'!A417 | B417: {[][$1]C(C)(C(=O)OCC(CC1C2)(CC32)CC(C1)C3)C[$1][]} | D417: ='Single Object'!D417 | E417: ='Single Object'!E417 | G417: =F417 | H417: =G417 | I417: =H417 | K417: =J417 | L417: =K417 | M417: =L417 | N417: =M417 | O417: =N417 | P417: =O417 | Q417: =P417 | S417: =R417 | T417: =S417 | W417: =U417 | Y417: =X417 | Z417: =Y417
A418: ='Single Object'!A418 | B418: {[][<1]Br,[<2]C(C(OC)=O)(C)C[>2],[<2]C[>3],[<3]C(C)(C(OC)=O)[>2],[<3]c(ccc1)cc1[>4],[<5]C([>4])[>6],[<6]C(C)(C)[>7],[<7]C[>6],[<6]C[>5],[<5]C(C)(C)[>6],[<6]C([>8])[>7],[<9]Br,[<10]C(C(OC)=O)(C)C[>10],[<10]C[>11],[<11]C(C)(C(OC)=O)[>10],[<11]c(ccc1)cc1[>8][]} | D418: ='Single Object'!D418 | E418: ='Single Object'!E418 | G418: =F418 | H418: =G418 | I418: =H418 | K418: =J418 | L418: =K418 | M418: =L418 | N418: =M418 | O418: =N418 | P418: =O418 | Q418: =P418 | S418: =R418 | T418: =S418 | W418: =U418 | Y418: =X418 | Z418: =Y418
A419: ='Single Object'!A419 | B419: {[][<1]Cl,[<2]C(C(OC)=O)(C)C[>2],[<2]C(C)C(=O)OC[>3],[<4]C([>3])(C(=O)OCCO)[>5],[<5]C([>6])(C(=O)OCCO)[>7],[<7]C[>5],[<5]C(C)(C)[>8],[>9]c(c1)cccc1,[<5]C[>4],[<2]CC(C)(C(OC)=O)[>2],[<10]Cl,[<11]C(C(OC)=O)(C)C[>11],[<11]C(C)C(=O)OC[>6],[<11]CC(C)(C(OC)=O)[>11],[<12]N,[<13]CC(C)(C)[>5][]} | D419: ='Single Object'!D419 | E419: ='Single Object'!E419 | G419: =F419 | H419: =G419 | I419: =H419 | K419: =J419 | L419: =K419 | M419: =L419 | N419: =M419 | O419: =N419 | P419: =O419 | Q419: =P419 | S419: =R419 | T419: =S419 | W419: =U419 | Y419: =X419 | Z419: =Y419
A420: ='Single Object'!A420 | B420: {[][<1]CCC[Si](C)(C)O[>2],[<2][Si](C)(C)[>3],[<3]O[>2],[<3]CCCC=Nc(cc1)ccc1N=C[>1][]} | D420: ='Single Object'!D420 | E420: ='Single Object'!E420 | G420: =F420 | H420: =G420 | I420: =H420 | K420: =J420 | L420: =K420 | M420: =L420 | N420: =M420 | O420: =N420 | P420: =O420 | Q420: =P420 | S420: =R420 | T420: =S420 | W420: =U420 | Y420: =X420 | Z420: =Y420
A421: ='Single Object'!A421 | B421: {[][<1]C(=O)Nc(cc1)ccc1Cc(cc1)ccc1NC(=O)[>2],[<2]NCCC[>3],[<3][Si](C)(C)[>4],[<4]O[>3],[<4]CCCN[>1][]} | D421: ='Single Object'!D421 | E421: ='Single Object'!E421 | G421: =F421 | H421: =G421 | I421: =H421 | K421: =J421 | L421: =K421 | M421: =L421 | N421: =M421 | O421: =N421 | P421: =O421 | Q421: =P421 | S421: =R421 | T421: =S421 | W421: =U421 | Y421: =X421 | Z421: =Y421
A422: ='Single Object'!A422 | B422: {[][<1]C(=O)NC(CC1)CCC1CC(CC1)CCC1NC(=O)[>2],[<2]NNC(=O)C(=O)NCCC[>3],[<3][Si](C)(C)[>4],[<4]O[>3],[<4]CCCNC(=O)C(=O)NN[>1][]} | D422: ='Single Object'!D422 | E422: ='Single Object'!E422 | G422: =F422 | H422: =G422 | I422: =H422 | K422: =J422 | L422: =K422 | M422: =L422 | N422: =M422 | O422: =N422 | P422: =O422 | Q422: =P422 | S422: =R422 | T422: =S422 | W422: =U422 | Y422: =X422 | Z422: =Y422
... A425: ='Single Object'!A425 | B425: {[][<1],[<2]OC[>3],[<3]C[>2],[<3]C([>4])([>5])[>6],[<6]CO[>7],[<7]C[>6],[>8],[<9],[<10]OC[>4],[<4]C[>10],[<11],[<12]OC[>5],[<5]C[>12][]} | D425: ='Single Object'!D425 | E425: ='Single Object'!E425 | G425: =F425 | H425: =G425 | I425: =H425 | K425: =J425 | L425: =K425 | M425: =L425 | N425: =M425 | O425: =N425 | P425: =O425 | Q425: =P425 | S425: =R425 | T425: =S425 | W425: =U425 | Y425: =X425 | Z425: =Y425
A426: C([#Arm])([#Arm])([#Arm])[#Arm].{#Arm=CO{[<][>]CCO[<][>]}CCO} | B426: {[][<1]O,[<2]CC[>3],[<3]OC[>4],[<4]C[>3],[<4]C([>5])([>6])[>7],[<7]CO[>8],[<8]CC[>9],[>10]O,[<9]O[>8],[<11]O,[<12]CC[>13],[<13]OC[>6],[<6]C[>13],[<14]O,[<15]CC[>16],[<16]OC[>5],[<5]C[>16][]} | K426: =J426 | L426: =K426 | M426: =L426 | N426: =M426 | O426: =N426 | P426: =O426 | Q426: =P426 | S426: =R426 | T426: =S426 | W426: =U426 | Y426: =X426 | Z426: =Y426
A427: ='Single Object'!A427 | B427: {[][<1]C,[<2]c(nn1)cn1[>3],[<3]c(cc1[>4])cc(c1)[>5],[<4]n(nn1)cc1C[>6],[<6]C[>7],[<7]C(c(cc1)ccc1)[>6],[<7]C[>8],[<8]C(c(cc1)ccc1)[>7],[<8]C[>9],[>10]C,[<2]OCC[>2],[<11]O,[<12]CCCCCC(=O)[>13],[<13]OC[>5],[<5]CCCCC(=C)[>13][]} | D427: ='Single Object'!D427 | E427: ='Single Object'!E427 | G427: =F427 | H427: =G427 | I427: =H427 | K427: =J427 | L427: =K427 | M427: =L427 | N427: =M427 | O427: =N427 | P427: =O427 | Q427: =P427 | S427: =R427 | T427: =S427 | W427: =U427 | Y427: =X427 | Z427: =Y427
A428: ='Single Object'!A428 | B428: {[][<1]O,[<2]C[>3],[<3]CCCCC(=O)O[>2],[<3]C([>4])([>5])[>6],[<6]C[>7],[>8]O,[<7]OC(=O)CCCC[>6],[<9]O,[<10]C[>5],[<5]CCCCC(=O)O[>10],[<11]O,[<12]C[>4],[<4]CCCCC(=O)O[>12][]} | D428: ='Single Object'!D428 | E428: ='Single Object'!E428 | G428: =F428 | H428: =G428 | I428: =H428 | K428: =J428 | L428: =K428 | M428: =L428 | N428: =M428 | O428: =N428 | P428: =O428 | Q428: =P428 | S428: =R428 | T428: =S428 | W428: =U428 | Y428: =X428 | Z428: =Y428
A429: ='Single Object'!A429 | B429: {[][<1]C(C)(C)Br,[<2]C(=O)OC[>3],[<3]CCCC[>2],[<3]C([>4])([>5])[>6],[<6]COC(=O)[>7],[>8]C(C)(C)Br,[<7]CCCC[>6],[<9]C(C)(C)Br,[<10]C(=O)OC[>5],[<5]CCCC[>10],[<11]C(C)(C)Br,[<12]C(=O)OC[>4],[<4]CCCC[>12][]} | D429: ='Single Object'!D429 | E429: ='Single Object'!E429 | G429: =F429 | H429: =G429 | I429: =H429 | K429: =J429 | L429: =K429 | M429: =L429 | N429: =M429 | O429: =N429 | P429: =O429 | Q429: =P429 | S429: =R429 | T429: =S429 | W429: =U429 | Y429: =X429 | Z429: =Y429
A430: ='Single Object'!A430 | B430: {[][<1]CCCCC(C)(C)C(=O)[>2],[<2]O[>3],[<3]C(=O)C(C)(C)CCCC[>4],[<4]c(nn1)cn1[>5],[<5]COC[>6],[<6]C([>6])([>6])[>7],[<7]COC[>8],[<8]n(nn1)cc1[>1],[<3]CC[>2][]} | D430: ='Single Object'!D430 | E430: ='Single Object'!E430 | G430: =F430 | H430: =G430 | I430: =H430 | K430: =J430 | L430: =K430 | M430: =L430 | N430: =M430 | O430: =N430 | P430: =O430 | Q430: =P430 | S430: =R430 | T430: =S430 | W430: =U430 | Y430: =X430 | Z430: =Y430
A431: ='Single Object'!A431 | B431: {[][<1]CCCCC(C)(C)C(=O)[>2],[<2]O[>3],[<3]C(=O)C(C)(C)CCCC[>4],[<4]c(nn1)cn1[>5],[<5]COC[>6],[<6]C([>6])(C)[>7],[<7]COC[>8],[<8]n(nn1)cc1[>1],[<3]CC[>2][]} | D431: ='Single Object'!D431 | E431: ='Single Object'!E431 | G431: =F431 | H431: =G431 | I431: =H431 | K431: =J431 | L431: =K431 | M431: =L431 | N431: =M431 | O431: =N431 | P431: =O431 | Q431: =P431 | S431: =R431 | T431: =S431 | W431: =U431 | Y431: =X431 | Z431: =Y431
A432: ='Single Object'!A432 | B432: {[][<1]CC(O)COCCC[Si](C)(C)O[>2],[<2][Si](C)(C)[>3],[<3]O[>2],[<3]CCCOCC(O)C[>4],[<4]OC(=O)[>5],[<5]C([>5])[>6],[<6]C(=O)O[>1][]} | D432: ='Single Object'!D432 | E432: ='Single Object'!E432 | G432: =F432 | H432: =G432 | I432: =H432 | K432: =J432 | L432: =K432 | M432: =L432 | N432: =M432 | O432: =N432 | P432: =O432 | Q432: =P432 | S432: =R432 | T432: =S432 | W432: =U432 | Y432: =X432 | Z432: =Y432
A433: N(CCC(=O)[#R])(CCC(=O)[#R])CCN(CCC(=O)[#R])(CCC(=O)[#R]).{#R={[>][<]NCCN(CCC(=O)[>])CCC(=O)[>][]}} | B433: {[][>]NCCN(CCC(=O)[<])CCC(=O)[<][>]}C(=O)CCN(CCN(CCC(=O){[<][>]NCCN(CCC(=O)[<])CCC(=O)[<][]})CCC(=O){[<][>]NCCN(CCC(=O)[<])CCC(=O)[<][]})CCC(=O){[<][>]NCCN(CCC(=O)[<])CCC(=O)[<][]} | D433: ='Single Object'!D433 | E433: ='Single Object'!E433 | G433: =F433 | H433: =G433 | I433: =H433 | K433: =J433 | L433: =K433 | M433: =L433 | N433: =M433 | O433: =N433 | P433: =O433 | Q433: =P433 | S433: =R433 | T433: =S433 | W433: =U433 | Y433: =X433 | Z433: =Y433
...

Sheet Segmented & Graft
A1: ='Single Object'!A1 | B1: Single Object Canonicalized | C1: ='Single Object'!C1 | D1: ='Single Object'!D1 | E1: ='Single Object'!E1 | F1: {[][$]CC(C(=O)O)[$],[$]CC(C(=O)O{[>][<]CCO[>][<]}C)[$][]} | G1: {[][$]CC(C(=O)O)[$],[$]CC(C(=O){[>][<]OCC[>][<]}OC)[$][]} | H1: {[][$]CC(C(=O)O{[>][<]CCO[>][<]}C)[$],[$]CC(C(=O)O)[$][]} | I1: {[][$]CC(C(=O)O)[$],[$]CC(C(=O)O{[>][<]CCO[>],[<]CCO[>][<]}C)[$][]} | J1: {[][$]CC(C(=O)O{[>][<]CCO[>][<]}C)[$][]} | K1: {[][$]CC(c(cc1)ccc1CCCC{[>][<]OCC[>][<]}C(=O)O)[$],[$]CC(c1ccccc1)[$][]} | L1: {[][$]CC(c(cc1)ccc1CCC{[>][<]COC[>][<]}CC(=O)O)[$],[$]CC(c1ccccc1)[$][]} | M1: {[][$]CC(c(cc1)ccc1CC{[>][<]CCO[>][<]}CCC(=O)O)[$],[$]CC(c1ccccc1)[$][]} | N1: {[][$]CC(c1ccccc1)[$],[$]CC(c(cc1)ccc1CCCC{[>][<]OCC[>][<]}C(=O)O)[$][]} | O1: COCCO{[>][<]C(O{[<][>]CCO[<][>]}C)CCCCCO[>],[<]C(=O)CCCCCO[>][<]} | P1: COCCO{[>][<]C(O{[<][>]CCO[<][>]}C)CCCCCO[>],[<]C(=O)CCC[<2],[>2]CCO[>][<]} | Q1: COCCO{[>][<]C([>2])CCCCCO[>],[<]C(=O)CCCCCO[>];[<2]O{[<][>]CCO[<][>]}C[<]} | R1: {[][<]N=Cc(cc1)ccc1C=NCCC[Si](C)(C)O{[<][>][Si](C)(C)O[<][>]}[Si](C)(C)CCC[>][]} | S1: {[][<]N=Cc(cc1)ccc1C=NCCC[Si](C)(C){[<][>]O[Si](C)(C)[<][>]}O[Si](C)(C)CCC[>][]} | T1: {[][<]C(=O)Nc(cc1)ccc1Cc(cc2)ccc2NC(=O)[<],[>]NCCC{[>][<][Si](C)(C)O[>][<]}[Si](C)(C)CCCN[>][]} | U1: {[][<]C(=O)Nc(cc1)ccc1Cc(cc2)ccc2NC(=O)[<],[>]NCCC[Si](C)(C){[>][<]O[Si](C)(C)[>][<]}CCCN[>][]} | V1: {[][>]NCCC{[>][<][Si](C)(C)O[>][<]}[Si](C)(C)CCCN[>],[<]C(=O)Nc(cc1)ccc1Cc(cc2)ccc2NC(=O)[<][]} | W1: {[][>]C(=O)Nc1ccc(C)c(c1)NC(=O)[>],[<]OCC{[>][<]OCC[>][<]}O[<],[<]OCCCO[<][]} | X1: {[][>]C(=O)Nc1ccc(C)c(c1)NC(=O)[>],[<]OC{[>][<]COC[>][<]}CO[<],[<]OCCCO[<][]} | Y1: {[][>]C(=O)Nc1ccc(C)c(c1)NC(=O)[>],[<]O{[>][<]CCO[>][<]}CCO[<],[<]OCCCO[<][]} | Z1: {[][>]C(=O)Nc1ccc(C)c(c1)NC(=O)[>],[<]OCCCO[<],[<]OC{[>][<]COC[>][<]}CO[<][]}
F2: Original | G2: frame shift | H2: change RU order | I2: duplicated nested RU | J2: no match | K2: original | L2: frame shift of nested RU | M2: frame shift of nested RU | N2: change RU order | O2: grafting through | P2: RU split | Q2: grafting to | R2: original | S2: frame shift | T2: original | U2: frame shift nested RU | V2: change RU order | W2: segmented with multiple RU | X2: frame shift | Y2: frame shift | Z2: switch RU order
E3: # of Matches | F3: =COUNTIF(F5:F1000, 1) | G3: =COUNTIF(G5:G1000, 1) | H3: =COUNTIF(H5:H1000, 1) | I3: =COUNTIF(I5:I1000, 1) | J3: =COUNTIF(J5:J1000, 1) | K3: =COUNTIF(K5:K1000, 1) | L3: =COUNTIF(L5:L1000, 1) | M3: =COUNTIF(M5:M1000, 1) | ... Z3: =COUNTIF(Z5:Z1000, 1)
E4: ='Single Object'!E4 | F4: Graft | G4: frame shift | K4: frame shifted graft | O4: graft with EG | R4: segmented | T4: segmented with AA-BB base | W4: segmented with multiple RU
A5: ='Single Object'!A5 | B5: {[][<1][Si](CC)(CC)O[>1][]} | C5: ='Single Object'!C5 | D5: ='Single Object'!D5 | E5: ='Single Object'!E5 | G5: =F5 | H5: =G5 | I5: =H5 | L5: =K5 | M5: =L5 | N5: =M5 | P5: =O5 | Q5: =P5 | S5: =R5 | U5: =T5 | V5: =U5 | X5: =W5 | Y5: =X5 | Z5: =Y5
A6: ='Single Object'!A6 | B6: {[][<1][Si](C)(C)O[>1][]} | C6: ='Single Object'!C6 | D6: ='Single Object'!D6 | E6: ='Single Object'!E6 | G6: =F6 | H6: =G6 | I6: =H6 | L6: =K6 | M6: =L6 | N6: =M6 | P6: =O6 | Q6: =P6 | S6: =R6 | U6: =T6 | V6: =U6 | X6: =W6 | Y6: =X6 | Z6: =Y6
A7: ='Single Object'!A7 | B7: {[][<1]CC=CC[>1][]} | C7: ='Single Object'!C7 | D7: ='Single Object'!D7 | E7: ='Single Object'!E7 | G7: =F7 | H7: =G7 | I7: =H7 | L7: =K7 | M7: =L7 | N7: =M7 | P7: =O7 | Q7: =P7 | S7: =R7 | U7: =T7 | V7: =U7 | X7: =W7 | Y7: =X7 | Z7: =Y7
A8: ='Single Object'!A8 | B8: {[][<1][Si](C)(C)C[>1][]} | C8: ='Single Object'!C8 | D8: ='Single Object'!D8 | E8: ='Single Object'!E8 | G8: =F8 | H8: =G8 | I8: =H8 | L8: =K8 | M8: =L8 | N8: =M8 | P8: =O8 | Q8: =P8 | S8: =R8 | U8: =T8 | V8: =U8 | X8: =W8 | Y8: =X8 | Z8: =Y8
A9: ='Single Object'!A9 | B9: {[][<1][Si](C)(c(cc1)ccc1)O[>1][]} | C9: ='Single Object'!C9 | D9: ='Single Object'!D9 | E9: ='Single Object'!E9 | G9: =F9 | H9: =G9 | I9: =H9 | L9: =K9 | M9: =L9 | N9: =M9 | P9: =O9 | Q9: =P9 | S9: =R9 | U9: =T9 | V9: =U9 | X9: =W9 | Y9: =X9 | Z9: =Y9
A10: ='Single Object'!A10 | B10: {[][<1]O[>2],[<2]C(COCCCCCC)C[>1],[<2]CC(COCCCCCC)[>1][]} | C10: ='Single Object'!C10 | D10: ='Single Object'!D10 | E10: ='Single Object'!E10 | G10: =F10 | H10: =G10 | I10: =H10 | L10: =K10 | M10: =L10 | N10: =M10 | P10: =O10 | Q10: =P10 | S10: =R10 | U10: =T10 | V10: =U10 | X10: =W10 | Y10: =X10 | Z10: =Y10
A11: ='Single Object'!A11 | B11: {[][<1]OCCCC[>1][]} | C11: ='Single Object'!C11 | D11: ='Single Object'!D11 | E11: ='Single Object'!E11 | G11: =F11 | H11: =G11 | I11: =H11 | L11: =K11 | M11: =L11 | N11: =M11 | P11: =O11 | Q11: =P11 | S11: =R11 | U11: =T11 | V11: =U11 | X11: =W11 | Y11: =X11 | Z11: =Y11
A12: ='Single Object'!A12 | B12: {[][<1][Si](C)(C)N[>1][]} | C12: ='Single Object'!C12 | D12: ='Single Object'!D12 | E12: ='Single Object'!E12 | G12: =F12 | H12: =G12 | I12: =H12 | L12: =K12 | M12: =L12 | N12: =M12 | P12: =O12 | Q12: =P12 | S12: =R12 | U12: =T12 | V12: =U12 | X12: =W12 | Y12: =X12 | Z12: =Y12
A13: ='Single Object'!A13 | B13: {[][<1]C[>2],[<2]C(CCCC)=C[>3],[<2]C=C(CCCC)[>3],[<3]C[>1][]} | C13: ='Single Object'!C13 | D13: ='Single Object'!D13 | E13: ='Single Object'!E13 | G13: =F13 | H13: =G13 | I13: =H13 | L13: =K13 | M13: =L13 | N13: =M13 | P13: =O13 | Q13: =P13 | S13: =R13 | U13: =T13 | V13: =U13 | X13: =W13 | Y13: =X13 | Z13: =Y13
A14: ='Single Object'!A14 | B14: {[][$1]C(OCCCCCCCC)C[$1][]} | C14: ='Single Object'!C14 | D14: ='Single Object'!D14 | E14: ='Single Object'!E14 | G14: =F14 | H14: =G14 | I14: =H14 | L14: =K14 | M14: =L14 | N14: =M14 | P14: =O14 | Q14: =P14 | S14: =R14 | U14: =T14 | V14: =U14 | X14: =W14 | Y14: =X14 | Z14: =Y14
A15: ='Single Object'!A15 | B15: {[][<1]O[>2],[<2]C(COCCCC)C[>1],[<2]CC(COCCCC)[>1][]} | C15: ='Single Object'!C15 | D15: ='Single Object'!D15 | E15: ='Single Object'!E15 | G15: =F15 | H15: =G15 | I15: =H15 | L15: =K15 | M15: =L15 | N15: =M15 | P15: =O15 | Q15: =P15 | S15: =R15 | U15: =T15 | V15: =U15 | X15: =W15 | Y15: =X15 | Z15: =Y15
A16: ='Single Object'!A16 | B16: {[][<1]CC[>1][]} | C16: ='Single Object'!C16 | D16: ='Single Object'!D16 | E16: ='Single Object'!E16 | G16: =F16 | H16: =G16 | I16: =H16 | L16: =K16 | M16: =L16 | N16: =M16 | P16: =O16 | Q16: =P16 | S16: =R16 | U16: =T16 | V16: =U16 | X16: =W16 | Y16: =X16 | Z16: =Y16
... A310: ='Single Object'!A310 | B310: {[][<1]c(cc1)ccc1C(=O)c(cc1)ccc1[>2],[<2]n(c(c1cc2c3=O)=O)c(=O)c1cc2c(=O)n3[>1][]} | C310: ='Single Object'!C310 | D310: ='Single Object'!D310 | E310: ='Single Object'!E310 | G310: =F310 | H310: =G310 | I310: =H310 | L310: =K310 | M310: =L310 | N310: =M310 | P310: =O310 | Q310: =P310 | S310: =R310 | U310: =T310 | V310: =U310 | X310: =W310 | Y310: =X310 | Z310: =Y310
A311: ='Single Object'!A311 | B311: {[][<1]O,[<2]CCO[>2],[>3][]} | C311: Beyond this point, naming becomes complicated, so let's use BigSMILES! | D311: ='Single Object'!D311 | E311: ='Single Object'!E311 | G311: =F311 | H311: =G311 | I311: =H311 | L311: =K311 | M311: =L311 | N311: =M311 | P311: =O311 | Q311: =P311 | S311: =R311 | U311: =T311 | V311: =U311 | X311: =W311 | Y311: =X311 | Z311: =Y311
A312: ='Single Object'!A312 | B312: {[][<1]O,[<2]CC[>3],[>4]O,[<3]O[>2][]} | D312: ='Single Object'!D312 | E312: ='Single Object'!E312 | G312: =F312 | H312: =G312 | I312: =H312 | L312: =K312 | M312: =L312 | N312: =M312 | P312: =O312 | Q312: =P312 | S312: =R312 | U312: =T312 | V312: =U312 | X312: =W312 | Y312: =X312 | Z312: =Y312
A313: ='Single Object'!A313 | B313: {[][<1]C,[<2]O[>3],[>4]C(C=C)=O,[<3]CC[>2][]} | D313: ='Single Object'!D313 | E313: ='Single Object'!E313 | G313: =F313 | H313: =G313 | I313: =H313 | L313: =K313 | M313: =L313 | N313: =M313 | P313: =O313 | Q313: =P313 | S313: =R313 | U313: =T313 | V313: =U313 | X313: =W313 | Y313: =X313 | Z313: =Y313
A314: ='Single Object'!A314 | B314: {[][<1]C,[<2]O[>3],[>4]C(C)=O,[<3]CC[>2][]} | D314: ='Single Object'!D314 | E314: ='Single Object'!E314 | G314: =F314 | H314: =G314 | I314: =H314 | L314: =K314 | M314: =L314 | N314: =M314 | P314: =O314 | Q314: =P314 | S314: =R314 | U314: =T314 | V314: =U314 | X314: =W314 | Y314: =X314 | Z314: =Y314
A315: ='Single Object'!A315 | B315: {[][<1]Cl,[>2]C,[<3]CCO[>3][]} | D315: ='Single Object'!D315 | E315: ='Single Object'!E315 | G315: =F315 | H315: =G315 | I315: =H315 | L315: =K315 | M315: =L315 | N315: =M315 | P315: =O315 | Q315: =P315 | S315: =R315 | U315: =T315 | V315: =U315 | X315: =W315 | Y315: =X315 | Z315: =Y315
A316: ='Single Object'!A316 | B316: {[][<1]C=C,[<2]C(=O)[>3],[<3]O[>4],[>5]C(C=C)=O,[<4]CC[>3][]} | D316: ='Single Object'!D316 | E316: ='Single Object'!E316 | G316: =F316 | H316: =G316 | I316: =H316 | L316: =K316 | M316: =L316 | N316: =M316 | P316: =O316 | Q316: =P316 | S316: =R316 | U316: =T316 | V316: =U316 | X316: =W316 | Y316: =X316 | Z316: =Y316
A317: ='Single Object'!A317 | B317: {[][<1]C,[<2]C(=O)[>3],[<3]O[>4],[>5]C(C)=O,[<4]CC[>3][]} | D317: ='Single Object'!D317 | E317: ='Single Object'!E317 | G317: =F317 | H317: =G317 | I317: =H317 | L317: =K317 | M317: =L317 | N317: =M317 | P317: =O317 | Q317: =P317 | S317: =R317 | U317: =T317 | V317: =U317 | X317: =W317 | Y317: =X317 | Z317: =Y317
A318: ='Single Object'!A318 | B318: {[][<1]Cl,[<2]CC[>3],[>4]Cl,[<3]O[>2][]} | D318: ='Single Object'!D318 | E318: ='Single Object'!E318 | G318: =F318 | H318: =G318 | I318: =H318 | L318: =K318 | M318: =L318 | N318: =M318 | P318: =O318 | Q318: =P318 | S318: =R318 | U318: =T318 | V318: =U318 | X318: =W318 | Y318: =X318 | Z318: =Y318
A319: ='Single Object'!A319 | B319: {[][<1]O,[<2]C(=O)C(C)O[>2],[>3][]} | D319: ='Single Object'!D319 | E319: ='Single Object'!E319 | G319: =F319 | H319: =G319 | I319: =H319 | L319: =K319 | M319: =L319 | N319: =M319 | P319: =O319 | Q319: =P319 | S319: =R319 | U319: =T319 | V319: =U319 | X319: =W319 | Y319: =X319 | Z319: =Y319
A320: ='Single Object'!A320 | B320: {[][<1]c(c1)cccc1,[<2]C(=S)S[>3],[<3]C(c(cc1)ccc1)C[>3],[<3]C(C)(C)C(=O)OC[>4],[>5]C#C,[<3]CC(c(cc1)ccc1)[>3][]} | D320: ='Single Object'!D320 | E320: ='Single Object'!E320 | G320: =F320 | H320: =G320 | I320: =H320 | L320: =K320 | M320: =L320 | N320: =M320 | P320: =O320 | Q320: =P320 | S320: =R320 | U320: =T320 | V320: =U320 | X320: =W320 | Y320: =X320 | Z320: =Y320
A321: ='Single Object'!A321 | B321: {[][<1]C#N,[<2]C(C)(C)[>3],[<3]C(c(cc1)ccc1)C[>3],[<3]C(C#N)(C)[>4],[>5]C,[<3]CC(c(cc1)ccc1)[>3],[<6]c(c1)cccc1,[<7]C=C[>3][]} | D321: ='Single Object'!D321 | E321: ='Single Object'!E321 | G321: =F321 | H321: =G321 | I321: =H321 | L321: =K321 | M321: =L321 | N321: =M321 | P321: =O321 | Q321: =P321 | S321: =R321 | U321: =T321 | V321: =U321 | X321: =W321 | Y321: =X321 | Z321: =Y321
A322: ='Single Object'!A322 | B322: {[][<1]O,[<2]C(=O)C(C)(C)SC(=S)SCCCCCCCCCCC[>3],[>4]C,[<2]CCO[>2][]} | D322: ='Single Object'!D322 | E322: ='Single Object'!E322 | G322: =F322 | H322: =G322 | I322: =H322 | L322: =K322 | M322: =L322 | N322: =M322 | P322: =O322 | Q322: =P322 | S322: =R322 | U322: =T322 | V322: =U322 | X322: =W322 | Y322: =X322 | Z322: =Y322
A323: ='Single Object'!A323 | B323: {[][<1]O,[<2]C(=O)C(C)(C)SC(=S)S[>3],[<3]C(C(OC)=O)(C)C[>3],[<3]C[>4],[<4]C(C)(C(OC)=O)[>3],[<4]CCCCCCCCCC[>5],[>6]C,[<2]CCO[>2][]} | D323: ='Single Object'!D323 | E323: ='Single Object'!E323 | G323: =F323 | H323: =G323 | I323: =H323 | L323: =K323 | M323: =L323 | N323: =M323 | P323: =O323 | Q323: =P323 | S323: =R323 | U323: =T323 | V323: =U323 | X323: =W323 | Y323: =X323 | Z323: =Y323
... A410: ='Single Object'!A410 | B410: {[][<1]OCC[>1],[<1]C[>2],[<2]C(C)O[>3],[<3]O[>4],[<4]CC[>5],[<5]O[>4],[<3]C[>2][]} | D410: ='Single Object'!D410 | E410: ='Single Object'!E410 | G410: =F410 | H410: =G410 | I410: =H410 | L410: =K410 | M410: =L410 | N410: =M410 | P410: =O410 | Q410: =P410 | S410: =R410 | U410: =T410 | V410: =U410 | X410: =W410 | Y410: =X410 | Z410: =Y410
A411: ='Single Object'!A411 | B411: {[][<1]C(C(=O)O)[>2],[<2]C[>1],[<1]C[>3],[<3]C(C(=O)O)[>1],[<1]C([>4])[>2],[<3]C([>5])[>1],[<6]C,[<7]O[>8],[<8]C(=O)[>4],[<8]CC[>7],[<9]C,[<10]O[>11],[<11]C(=O)[>5],[<11]CC[>10][]} | D411: ='Single Object'!D411 | E411: ='Single Object'!E411 | F411: 1 | G411: =F411 | H411: =G411 | I411: =H411 | L411: =K411 | M411: =L411 | N411: =M411 | P411: =O411 | Q411: =P411 | S411: =R411 | U411: =T411 | V411: =U411 | X411: =W411 | Y411: =X411 | Z411: =Y411
A412: ='Single Object'!A412 | B412: {[][<1]C(C)(C(OC)=O)[>2],[<2]C[>1],[<1]C([>3])(C)[>2],[<1]C[>4],[<4]C(C)(C(OC)=O)[>1],[<4]C([>5])(C)[>1],[<6]C(c(cc1)ccc1)C[>6],[<6]C(C)(C)C(=O)OCCOC(=O)[>3],[<6]CC(c(cc1)ccc1)[>6],[<7]C(c(cc1)ccc1)C[>7],[<7]C(C)(C)C(=O)OCCOC(=O)[>5],[<7]CC(c(cc1)ccc1)[>7][]} | D412: ='Single Object'!D412 | E412: ='Single Object'!E412 | G412: =F412 | H412: =G412 | I412: =H412 | L412: =K412 | M412: =L412 | N412: =M412 | P412: =O412 | Q412: =P412 | S412: =R412 | U412: =T412 | V412: =U412 | X412: =W412 | Y412: =X412 | Z412: =Y412
A413: ='Single Object'!A413 | B413: {[][<1]C,[<2]O[>3],[<3]CCO[>4],[<4]C(=O)[>5],[<5]CCC[>3],[<4]C([>6])[>5],[>7],[<8]C,[<9]O[>6],[<6]CC[>9][]} | D413: ='Single Object'!D413 | E413: ='Single Object'!E413 | G413: =F413 | H413: =G413 | I413: =H413 | L413: =K413 | M413: =L413 | N413: =M413 | O413: 1 | P413: =O413 | Q413: =P413 | S413: =R413 | U413: =T413 | V413: =U413 | X413: =W413 | Y413: =X413 | Z413: =Y413
A414: ='Single Object'!A414 | B414: {[][<1]C(c(cc1)ccc1)[>2],[<2]C[>1],[<1]C[>3],[<3]C(c(cc1)ccc1)[>1],[<1]C([>4])[>2],[<3]C([>5])[>1],[<6]N,[<7]CC[>8],[<8]O[>7],[<8]CCc(cc1)ccc1[>4],[<9]N,[<10]CC[>11],[<11]O[>10],[<11]CCc(cc1)ccc1[>5][]} | D414: ='Single Object'!D414 | E414: ='Single Object'!E414 | G414: =F414 | H414: =G414 | I414: =H414 | L414: =K414 | M414: =L414 | N414: =M414 | P414: =O414 | Q414: =P414 | S414: =R414 | U414: =T414 | V414: =U414 | X414: =W414 | Y414: =X414 | Z414: =Y414
A415: ='Single Object'!A415 | B415: {[][<1]C(c(cc1)ccc1)[>2],[<2]C[>1],[<1]C[>3],[<3]C(c(cc1)ccc1)[>1],[<1]C([>4])[>2],[<3]C([>1])[>1],[<5]O,[<6]C(=O)[>7],[<7]CC[>8],[<8]O[>7],[<8]CCc(cc1)ccc1[>4],[<9]O,[<10]C(=O)[>11],[<11]CC[>12],[<12]O[>11],[<12]CCc(cc1)ccc1[>13][]} | D415: ='Single Object'!D415 | E415: ='Single Object'!E415 | G415: =F415 | H415: =G415 | I415: =H415 | K415: 1 | L415: =K415 | M415: =L415 | N415: =M415 | P415: =O415 | Q415: =P415 | S415: =R415 | U415: =T415 | V415: =U415 | X415: =W415 | Y415: =X415 | Z415: =Y415
A416: ='Single Object'!A416 | B416: {[][<1]C(c(cc1)ccc1)[>2],[<2]C[>1],[<1]C[>3],[<3]C(c(cc1)ccc1)[>1],[<1]C([>4])[>2],[<3]C([>5])[>1],[<6]S,[<7]CC[>8],[<8]O[>7],[<8]CCc(cc1)ccc1[>4],[<9]S,[<10]CC[>11],[<11]O[>10],[<11]CCc(cc1)ccc1[>5][]} | D416: ='Single Object'!D416 | E416: ='Single Object'!E416 | G416: =F416 | H416: =G416 | I416: =H416 | L416: =K416 | M416: =L416 | N416: =M416 | P416: =O416 | Q416: =P416 | S416: =R416 | U416: =T416 | V416: =U416 | X416: =W416 | Y416: =X416 | Z416: =Y416
A417: ='Single Object'!A417 | B417: {[][$1]C(C)(C(=O)OCC(CC1C2)(CC32)CC(C1)C3)C[$1][]} | D417: ='Single Object'!D417 | E417: ='Single Object'!E417 | G417: =F417 | H417: =G417 | I417: =H417 | L417: =K417 | M417: =L417 | N417: =M417 | P417: =O417 | Q417: =P417 | S417: =R417 | U417: =T417 | V417: =U417 | X417: =W417 | Y417: =X417 | Z417: =Y417
A418: ='Single Object'!A418 | B418: {[][<1]Br,[<2]C(C(OC)=O)(C)C[>2],[<2]C[>3],[<3]C(C)(C(OC)=O)[>2],[<3]c(ccc1)cc1[>4],[<5]C([>4])[>6],[<6]C(C)(C)[>7],[<7]C[>6],[<6]C[>5],[<5]C(C)(C)[>6],[<6]C([>8])[>7],[<9]Br,[<10]C(C(OC)=O)(C)C[>10],[<10]C[>11],[<11]C(C)(C(OC)=O)[>10],[<11]c(ccc1)cc1[>8][]} | D418: ='Single Object'!D418 | E418: ='Single Object'!E418 | G418: =F418 | H418: =G418 | I418: =H418 | L418: =K418 | M418: =L418 | N418: =M418 | P418: =O418 | Q418: =P418 | S418: =R418 | U418: =T418 | V418: =U418 | X418: =W418 | Y418: =X418 | Z418: =Y418
A419: ='Single Object'!A419 | B419: {[][<1]Cl,[<2]C(C(OC)=O)(C)C[>2],[<2]C(C)C(=O)OC[>3],[<4]C([>3])(C(=O)OCCO)[>5],[<5]C([>6])(C(=O)OCCO)[>7],[<7]C[>5],[<5]C(C)(C)[>8],[>9]c(c1)cccc1,[<5]C[>4],[<2]CC(C)(C(OC)=O)[>2],[<10]Cl,[<11]C(C(OC)=O)(C)C[>11],[<11]C(C)C(=O)OC[>6],[<11]CC(C)(C(OC)=O)[>11],[<12]N,[<13]CC(C)(C)[>5][]} | D419: ='Single Object'!D419 | E419: ='Single Object'!E419 | G419: =F419 | H419: =G419 | I419: =H419 | L419: =K419 | M419: =L419 | N419: =M419 | P419: =O419 | Q419: =P419 | S419: =R419 | U419: =T419 | V419: =U419 | X419: =W419 | Y419: =X419 | Z419: =Y419
A420: ='Single Object'!A420 | B420: {[][<1]CCC[Si](C)(C)O[>2],[<2][Si](C)(C)[>3],[<3]O[>2],[<3]CCCC=Nc(cc1)ccc1N=C[>1][]} | D420: ='Single Object'!D420 | E420: ='Single Object'!E420 | G420: =F420 | H420: =G420 | I420: =H420 | L420: =K420 | M420: =L420 | N420: =M420 | P420: =O420 | Q420: =P420 | R420: 1 | S420: =R420 | U420: =T420 | V420: =U420 | X420: =W420 | Y420: =X420 | Z420: =Y420
A421: ='Single Object'!A421 | B421: {[][<1]C(=O)Nc(cc1)ccc1Cc(cc1)ccc1NC(=O)[>2],[<2]NCCC[>3],[<3][Si](C)(C)[>4],[<4]O[>3],[<4]CCCN[>1][]} | D421: ='Single Object'!D421 | E421: ='Single Object'!E421 | G421: =F421 | H421: =G421 | I421: =H421 | L421: =K421 | M421: =L421 | N421: =M421 | P421: =O421 | Q421: =P421 | S421: =R421 | T421: 1 | U421: =T421 | V421: =U421 | X421: =W421 | Y421: =X421 | Z421: =Y421
A422: ='Single Object'!A422 | B422: {[][<1]C(=O)NC(CC1)CCC1CC(CC1)CCC1NC(=O)[>2],[<2]NNC(=O)C(=O)NCCC[>3],[<3][Si](C)(C)[>4],[<4]O[>3],[<4]CCCNC(=O)C(=O)NN[>1][]} | D422: ='Single Object'!D422 | E422: ='Single Object'!E422 | G422: =F422 | H422: =G422 | I422: =H422 | L422: =K422 | M422: =L422 | N422: =M422 | P422: =O422 | Q422: =P422 | S422: =R422 | U422: =T422 | V422: =U422 | X422: =W422 | Y422: =X422 | Z422: =Y422
A423: ='Single Object'!A423 | B423: {[][<1]C(=O)NC(CC1)CCC1CC(CC1)CCC1NC(=O)[>2],[<2]NCCC[>3],[<3][Si](C)(C)[>4],[<4]O[>3],[<4]CCCN[>1][]} | D423: ='Single Object'!D423 | E423: ='Single Object'!E423 | G423: =F423 | H423: =G423 | I423: =H423 | L423: =K423 | M423: =L423 | N423: =M423 | P423: =O423 | Q423: =P423 | S423: =R423 | U423: =T423 | V423: =U423 | X423: =W423 | Y423: =X423 | Z423: =Y423
A424: ='Single Object'!A424 | B424: {[][<1]C(=O)[>2],[<2]N[>3],[<3]c(c(c1)C)cc(c1)[>4],[<3]c(ccc1C)cc1[>4],[<4]NC(=O)[>5],[<5]OCC[>6],[<6]O[>7],[<7]C(=O)[>2],[<7]CCO[>7],[<6]CO[>1][]} | D424: ='Single Object'!D424 | E424: ='Single Object'!E424 | G424: =F424 | H424: =G424 | I424: =H424 | L424: =K424 | M424: =L424 | N424: =M424 | P424: =O424 | Q424: =P424 | S424: =R424 | U424: =T424 | V424: =U424 | W424: 1 | X424: =W424 | Y424: =X424 | Z424: =Y424
A425: ='Single Object'!A425 | B425: {[][<1],[<2]OC[>3],[<3]C[>2],[<3]C([>4])([>5])[>6],[<6]CO[>7],[<7]C[>6],[>8],[<9],[<10]OC[>4],[<4]C[>10],[<11],[<12]OC[>5],[<5]C[>12][]} | D425: ='Single Object'!D425 | E425: ='Single Object'!E425 | G425: =F425 | H425: =G425 | I425: =H425 | L425: =K425 | M425: =L425 | N425: =M425 | P425: =O425 | Q425: =P425 | S425: =R425 | U425: =T425 | V425: =U425 | X425: =W425 | Y425: =X425 | Z425: =Y425
A426: C([#Arm])([#Arm])([#Arm])[#Arm].{#Arm=CO{[<][>]CCO[<][>]}CCO} | B426: {[][<1]O,[<2]CC[>3],[<3]OC[>4],[<4]C[>3],[<4]C([>5])([>6])[>7],[<7]CO[>8],[<8]CC[>9],[>10]O,[<9]O[>8],[<11]O,[<12]CC[>13],[<13]OC[>6],[<6]C[>13],[<14]O,[<15]CC[>16],[<16]OC[>5],[<5]C[>16][]} | G426: =F426 | H426: =G426 | I426: =H426 | L426: =K426 | M426: =L426 | N426: =M426 | P426: =O426 | Q426: =P426 | S426: =R426 | U426: =T426 | V426: =U426 | X426: =W426 | Y426: =X426 | Z426: =Y426
A427: ='Single Object'!A427 | B427: {[][<1]C,[<2]c(nn1)cn1[>3],[<3]c(cc1[>4])cc(c1)[>5],[<4]n(nn1)cc1C[>6],[<6]C[>7],[<7]C(c(cc1)ccc1)[>6],[<7]C[>8],[<8]C(c(cc1)ccc1)[>7],[<8]C[>9],[>10]C,[<2]OCC[>2],[<11]O,[<12]CCCCCC(=O)[>13],[<13]OC[>5],[<5]CCCCC(=C)[>13][]} | D427: ='Single Object'!D427 | E427: ='Single Object'!E427 | G427: =F427 | H427: =G427 | I427: =H427 | L427: =K427 | M427: =L427 | N427: =M427 | P427: =O427 | Q427: =P427 | S427: =R427 | U427: =T427 | V427: =U427 | X427: =W427 | Y427: =X427 | Z427: =Y427
A428: ='Single Object'!A428 | B428: {[][<1]O,[<2]C[>3],[<3]CCCCC(=O)O[>2],[<3]C([>4])([>5])[>6],[<6]C[>7],[>8]O,[<7]OC(=O)CCCC[>6],[<9]O,[<10]C[>5],[<5]CCCCC(=O)O[>10],[<11]O,[<12]C[>4],[<4]CCCCC(=O)O[>12][]} | D428: ='Single Object'!D428 | E428: ='Single Object'!E428 | G428: =F428 | H428: =G428 | I428: =H428 | L428: =K428 | M428: =L428 | N428: =M428 | P428: =O428 | Q428: =P428 | S428: =R428 | U428: =T428 | V428: =U428 | X428: =W428 | Y428: =X428 | Z428: =Y428
A429: ='Single Object'!A429 | B429: {[][<1]C(C)(C)Br,[<2]C(=O)OC[>3],[<3]CCCC[>2],[<3]C([>4])([>5])[>6],[<6]COC(=O)[>7],[>8]C(C)(C)Br,[<7]CCCC[>6],[<9]C(C)(C)Br,[<10]C(=O)OC[>5],[<5]CCCC[>10],[<11]C(C)(C)Br,[<12]C(=O)OC[>4],[<4]CCCC[>12][]} | D429: ='Single Object'!D429 | E429: ='Single Object'!E429 | G429: =F429 | H429: =G429 | I429: =H429 | L429: =K429 | M429: =L429 | N429: =M429 | P429: =O429 | Q429: =P429 | S429: =R429 | U429: =T429 | V429: =U429 | X429: =W429 | Y429: =X429 | Z429: =Y429
